"object_id","ensemble_id","archaeological_unit","site_name","location","location__short_name","location__location","location__country","latitude","longitude","location__coord_precision","location__coord_reference","layer","dating_method","date_bp_min","min_lab_number","date_bp_max","max_lab_number","excavation_year","material","object_type","length_mm","width_mm","depth_mm","preservation","sign_coding","coding_certainty","coding_clean"
"sgr0074","sgr_ens_01","Middle Magdalenian","Saint-Germain-la-Rivière","Saint-Germain-la-Rivière","sgr","Saint-Germain-la-Rivière","France",44.4,-0.3333,"approximation","wikipedia","burial","AMS, 858 (GifA 95456)","15,780 ± 200",NA,NA,NA,"1934","animal tooth, red deer","personal ornament, pendant",NA,NA,NA,"complete","|||X","Certain","|||X"
"sgr0073","sgr_ens_01","Middle Magdalenian","Saint-Germain-la-Rivière","","","","",NA,NA,"","","burial","AMS, 858 (GifA 95456)","15,780 ± 200",NA,NA,NA,"1934","animal tooth, red deer","personal ornament, pendant",NA,NA,NA,"complete","||","Certain","||"
"sgr0070","sgr_ens_01","Middle Magdalenian","Saint-Germain-la-Rivière","","","","",NA,NA,"","","burial","AMS, 858 (GifA 95456)","15,780 ± 200",NA,NA,NA,"1934","animal tooth, red deer","personal ornament, pendant",NA,NA,NA,"fragmentary","|||||","Certain","|||||"
"sgr0062","sgr_ens_01","Middle Magdalenian","Saint-Germain-la-Rivière","","","","",NA,NA,"","","burial","AMS, 858 (GifA 95456)","15,780 ± 200",NA,NA,NA,"1934","animal tooth, red deer","personal ornament, pendant",NA,NA,NA,"complete","||l|","Certain","||l|"
"sgr0061","sgr_ens_01","Middle Magdalenian","Saint-Germain-la-Rivière","","","","",NA,NA,"","","burial","AMS, 858 (GifA 95456)","15,780 ± 200",NA,NA,NA,"1934","animal tooth, red deer","personal ornament, pendant",NA,NA,NA,"complete","ll","Very certain","ll"
"sgr0060","sgr_ens_01","Middle Magdalenian","Saint-Germain-la-Rivière","","","","",NA,NA,"","","burial","AMS, 858 (GifA 95456)","15,780 ± 200",NA,NA,NA,"1934","animal tooth, red deer","personal ornament, pendant",NA,NA,NA,"complete","|l|⚹","Very certain","|l|⚹"
"sgr0059","sgr_ens_01","Middle Magdalenian","Saint-Germain-la-Rivière","","","","",NA,NA,"","","burial","AMS, 858 (GifA 95456)","15,780 ± 200",NA,NA,NA,"1934","animal tooth, red deer","personal ornament, pendant",NA,NA,NA,"fragmentary","| |≠","Very certain","| |≠"
"sgr0058","sgr_ens_01","Middle Magdalenian","Saint-Germain-la-Rivière","","","","",NA,NA,"","","burial","AMS, 858 (GifA 95456)","15,780 ± 200",NA,NA,NA,"1934","animal tooth, red deer","personal ornament, pendant",NA,NA,NA,"complete","vvv","Very certain","vvv"
"sgr0054","sgr_ens_01","Middle Magdalenian","Saint-Germain-la-Rivière","","","","",NA,NA,"","","burial","AMS, 858 (GifA 95456)","15,780 ± 200",NA,NA,NA,"1934","animal tooth, red deer","personal ornament, pendant",NA,NA,NA,"complete","l||⚹","Very certain","l||⚹"
"sgr0053","sgr_ens_01","Middle Magdalenian","Saint-Germain-la-Rivière","","","","",NA,NA,"","","burial","AMS, 858 (GifA 95456)","15,780 ± 200",NA,NA,NA,"1934","animal tooth, red deer","personal ornament, pendant",NA,NA,NA,"complete","|| ||","Very certain","|| ||"
"sgr0051","sgr_ens_01","Middle Magdalenian","Saint-Germain-la-Rivière","","","","",NA,NA,"","","burial","AMS, 858 (GifA 95456)","15,780 ± 200",NA,NA,NA,"1934","animal tooth, red deer","personal ornament, pendant",NA,NA,NA,"fragmentary","|||vv","Certain","|||vv"
"sgr0050","sgr_ens_01","Middle Magdalenian","Saint-Germain-la-Rivière","","","","",NA,NA,"","","burial","AMS, 858 (GifA 95456)","15,780 ± 200",NA,NA,NA,"1934","animal tooth, red deer","personal ornament, pendant",NA,NA,NA,"complete","lll| |l","Very certain","lll| |l"
"sgr0049","sgr_ens_01","Middle Magdalenian","Saint-Germain-la-Rivière","","","","",NA,NA,"","","burial","AMS, 858 (GifA 95456)","15,780 ± 200",NA,NA,NA,"1934","animal tooth, red deer","personal ornament, pendant",NA,NA,NA,"complete","v||","Certain","v||"
"sgr0047","sgr_ens_01","Middle Magdalenian","Saint-Germain-la-Rivière","","","","",NA,NA,"","","burial","AMS, 858 (GifA 95456)","15,780 ± 200",NA,NA,NA,"1934","animal tooth, red deer","personal ornament, pendant",NA,NA,NA,"complete","| ||ll||","Very certain","| ||ll||"
"sgr0046","sgr_ens_01","Middle Magdalenian","Saint-Germain-la-Rivière","","","","",NA,NA,"","","burial","AMS, 858 (GifA 95456)","15,780 ± 200",NA,NA,NA,"1934","animal tooth, red deer","personal ornament, pendant",NA,NA,NA,"complete","||X","Certain","||X"
"sgr0045","sgr_ens_01","Middle Magdalenian","Saint-Germain-la-Rivière","","","","",NA,NA,"","","burial","AMS, 858 (GifA 95456)","15,780 ± 200",NA,NA,NA,"1934","animal tooth, red deer","personal ornament, pendant",NA,NA,NA,"complete","l | ||","Very certain","l | ||"
"sgr0043","sgr_ens_01","Middle Magdalenian","Saint-Germain-la-Rivière","","","","",NA,NA,"","","burial","AMS, 858 (GifA 95456)","15,780 ± 200",NA,NA,NA,"1934","animal tooth, red deer","personal ornament, pendant",NA,NA,NA,"fragmentary","| ||","Certain","| ||"
"sgr0042","sgr_ens_01","Middle Magdalenian","Saint-Germain-la-Rivière","","","","",NA,NA,"","","burial","AMS, 858 (GifA 95456)","15,780 ± 200",NA,NA,NA,"1934","animal tooth, red deer","personal ornament, pendant",NA,NA,NA,"complete","Xl","Very certain","Xl"
"sgr0037","sgr_ens_01","Middle Magdalenian","Saint-Germain-la-Rivière","","","","",NA,NA,"","","burial","AMS, 858 (GifA 95456)","15,780 ± 200",NA,NA,NA,"1934","animal tooth, red deer","personal ornament, pendant",NA,NA,NA,"complete","|||","Very certain","|||"
"sgr0034","sgr_ens_01","Middle Magdalenian","Saint-Germain-la-Rivière","","","","",NA,NA,"","","burial","AMS, 858 (GifA 95456)","15,780 ± 200",NA,NA,NA,"1934","animal tooth, red deer","personal ornament, pendant",NA,NA,NA,"complete","|#","Certain","|#"
"sgr0033","sgr_ens_01","Middle Magdalenian","Saint-Germain-la-Rivière","","","","",NA,NA,"","","burial","AMS, 858 (GifA 95456)","15,780 ± 200",NA,NA,NA,"1934","animal tooth, red deer","personal ornament, pendant",NA,NA,NA,"complete","l|l","Very certain","l|l"
"sgr0032","sgr_ens_01","Middle Magdalenian","Saint-Germain-la-Rivière","","","","",NA,NA,"","","burial","AMS, 858 (GifA 95456)","15,780 ± 200",NA,NA,NA,"1934","animal tooth, red deer","personal ornament, pendant",NA,NA,NA,"complete","vvvvvv","Very certain","vvvvvv"
"sgr0029","sgr_ens_01","Middle Magdalenian","Saint-Germain-la-Rivière","","","","",NA,NA,"","","burial","AMS, 858 (GifA 95456)","15,780 ± 200",NA,NA,NA,"1934","animal tooth, red deer","personal ornament, pendant",NA,NA,NA,"complete","|ll|X","Certain","|ll|X"
"sgr0027","sgr_ens_01","Middle Magdalenian","Saint-Germain-la-Rivièr","","","","",NA,NA,"","","burial","AMS, 858 (GifA 95456)","15,780 ± 200",NA,NA,NA,"1934","animal tooth, red deer","personal ornament, pendant",NA,NA,NA,"complete","|Y","Very certain","|Y"
"sgr0025","sgr_ens_01","Middle Magdalenian","Saint-Germain-la-Rivière","","","","",NA,NA,"","","burial","AMS, 858 (GifA 95456)","15,780 ± 200",NA,NA,NA,"1934","animal tooth, red deer","personal ornament, pendant",NA,NA,NA,"complete","|ll|||ll?| |","Certain","|ll|||ll| |"
"sgr0021","sgr_ens_01","Middle Magdalenian","Saint-Germain-la-Rivière","","","","",NA,NA,"","","burial","AMS, 858 (GifA 95456)","15,780 ± 200",NA,NA,NA,"1934","animal tooth, red deer","personal ornament, pendant",NA,NA,NA,"complete","Y||","Very certain","Y||"
"sgr0020","sgr_ens_01","Middle Magdalenian","Saint-Germain-la-Rivière","","","","",NA,NA,"","","burial","AMS, 858 (GifA 95456)","15,780 ± 200",NA,NA,NA,"1934","animal tooth, red deer","personal ornament, pendant",NA,NA,NA,"complete","|X|","Uncertain","|X|"
"sgr0019","sgr_ens_01","Middle Magdalenian","Saint-Germain-la-Rivière","","","","",NA,NA,"","","burial","AMS, 858 (GifA 95456)","15,780 ± 200",NA,NA,NA,"1934","animal tooth, red deer","personal ornament, pendant",NA,NA,NA,"complete","||l|","Very certain","||l|"
"sgr0018","sgr_ens_01","Middle Magdalenian","Saint-Germain-la-Rivière","","","","",NA,NA,"","","burial","AMS, 858 (GifA 95456)","15,780 ± 200",NA,NA,NA,"1934","animal tooth, red deer","personal ornament, pendant",NA,NA,NA,"complete","|X","Uncertain","|X"
"sgr0016","sgr_ens_01","Middle Magdalenian","Saint-Germain-la-Rivière","","","","",NA,NA,"","","burial","AMS, 858 (GifA 95456)","15,780 ± 200",NA,NA,NA,"1934","animal tooth, red deer","personal ornament, pendant",NA,NA,NA,"complete","||||X","Very certain","||||X"
"sgr0013","sgr_ens_01","Middle Magdalenian","Saint-Germain-la-Rivière","","","","",NA,NA,"","","burial","AMS, 858 (GifA 95456)","15,780 ± 200",NA,NA,NA,"1934","animal tooth, red deer","personal ornament, pendant",NA,NA,NA,"almost complete","| || |","Very certain","| || |"
"sgr0002","sgr_ens_01","Middle Magdalenian","Saint-Germain-la-Rivière","","","","",NA,NA,"","","burial","AMS, 858 (GifA 95456)","15,780 ± 200",NA,NA,NA,"1934","animal tooth, red deer","personal ornament, pendant",NA,NA,NA,"complete","⚹°","Very certain","⚹°"
"sgr0001","sgr_ens_01","Middle Magdalenian","Saint-Germain-la-Rivière","","","","",NA,NA,"","","burial","AMS, 858 (GifA 95456)","15,780 ± 200",NA,NA,NA,"1934","animal tooth, red deer","personal ornament, pendant",NA,NA,NA,"almost complete","|| |","Uncertain","|| |"
"vhc0168","","Aurignacien","Vogelherd","Vogelherd","vhc","Niederstotzingen-Stetten","Germany",48.559,10.194,"precise","nespos.org","V","C14","35810±710 - 25900±260",NA,NA,NA,"1931","bone","spatula/lissoir",110,19,7,"fragmented",">>>>>> ! >>>>>","Very certain",">>>>>>  >>>>>"
"vhc0167","","Aurignacien","Vogelherd","Vogelherd","vhc","Niederstotzingen-Stetten","Germany",48.559,10.194,"precise","nespos.org","V","C14","35810±710 - 25900±260",NA,NA,NA,"1931","bone","spatula/lissoir",173,22,8,"fragmented","vvvvvvvvvvvvvvvvvv _ v!","Uncertain","vvvvvvvvvvvvvvvvvv _ v"
"vhc0166","","Aurignacien","Vogelherd","Vogelherd","vhc","Niederstotzingen-Stetten","Germany",48.559,10.194,"precise","nespos.org","IV","C14","32030±280 - 26160±150",NA,NA,NA,"1931","antler","antler object",73,44,24,"complete","vvvvvvv _ [&]","Very certain","vvvvvvv"
"vhc0165","","Aurignacien","Vogelherd","Vogelherd","vhc","Niederstotzingen-Stetten","Germany",48.559,10.194,"precise","nespos.org","IV","C14","32030±280 - 26160±150",NA,NA,NA,"1931","bone","spatula/lissoir",75,12,7,"fragmented","!vvvv vvvvvv >>>>","Very certain","vvvv vvvvvv >>>>"
"vhc0164","","Aurignacien","Vogelherd","Vogelherd","vhc","Niederstotzingen-Stetten","Germany",48.559,10.194,"precise","nespos.org","IV","C14","32030±280 - 26160±150",NA,NA,NA,"1931","ivory","bâton percé",95,30,10,"fragmented","vvvvv! _ vvvvvv! _ [CCCC] _ &","Uncertain","vvvvv _ vvvvvv _ &"
"vhc0163","","Aurignacien","Vogelherd","Vogelherd","vhc","Niederstotzingen-Stetten","Germany",48.559,10.194,"precise","nespos.org","IV","C14","32030±280 - 26160±150",NA,NA,NA,"1931","bone","spatula/lissoir",10,2,1,"fragmented","!⊞! _ !vvvvvvvvvvvvvvvvvvv! _  !⊞!","Uncertain","⊞ _ vvvvvvvvvvvvvvvvvvv _  ⊞"
"vhc0162","","Aurignacien","Vogelherd","Vogelherd","vhc","Niederstotzingen-Stetten","Germany",48.559,10.194,"precise","nespos.org","IV","C14","32030±280 - 26160±150",NA,NA,NA,"1931","bone","spatula/lissoir",210,14,8,"complete","(XXXXXXXXXX) _ >>>> <<< >>>> <<<< >> _ > <<<<< >>>> <<<<<< >>>>","Very certain",">>>> <<< >>>> <<<< >> _ > <<<<< >>>> <<<<<< >>>>"
"vhc0161","","Aurignacien","Vogelherd","Vogelherd","vhc","Niederstotzingen-Stetten","Germany",48.559,10.194,"precise","nespos.org","V","C14","35810±710 - 25900±260",NA,NA,NA,"1931","ivory","bâton percé",237,41,13,"almost complete","vvv vvv","Uncertain","vvv vvv"
"vhc0160","","Aurignacien","Vogelherd","Vogelherd","vhc","Niederstotzingen-Stetten","Germany",48.559,10.194,"precise","nespos.org","IV","C14","32030±280 - 26160±150",NA,NA,NA,"1931","antler","antler object",69,36,29,"almost complete","| |||| _ | _ vv v _ |||| _ | ||","Very certain","| |||| _ | _ vv v _ |||| _ | ||"
"vhc0159","","Aurignacien","Vogelherd","Vogelherd","vhc","Niederstotzingen-Stetten","Germany",48.559,10.194,"precise","nespos.org","IV","C14","32030±280 - 26160±150",NA,NA,NA,"1931","ivory","figurine zoomorph",72,53,14,"fragmented","vvvv⚹vvvvvvvv _ ||||| _ ¤¤¤¤¤¤¤¤¤ _ [°°°°°°°°°°°°°°°°°°°°°°°°°°°°°°°°°°°°°°°°°°°°°°°°°°°°°°°°°°°°°°°°°°°°°°°°°°°!]","Very certain","vvvv⚹vvvvvvvv _ ||||| _ ¤¤¤¤¤¤¤¤¤"
"vhc0158","","Aurignacien","Vogelherd","Vogelherd","vhc","Niederstotzingen-Stetten","Germany",48.559,10.194,"precise","nespos.org","IV","C14","32030±280 - 26160±150",NA,NA,NA,"1931","ivory","figurine zoomorph",87,34,11,"fragmented","⊞ _ [°°°°°°°°°°°°°°°°°°°°°°°°°°°°°°°°°°°°°°°°°°°°°°°°°°°°°°°°°°°°°°°°°°°°°°°°°°°°°°°°°°°°°°°°°°°°°°°!] _V V _ V _ vv","Very certain","⊞ _  _V V _ V _ vv"
"vhc0157","","Aurignacien","Vogelherd","Vogelherd","vhc","Niederstotzingen-Stetten","Germany",48.559,10.194,"precise","nespos.org","V","C14","35810±710 - 25900±260",NA,NA,NA,"1931","ivory","figurine zoomorph",70,54,23,"fragmented","!||| _ X X _ |||! _ //// _ ||||| _ vvv _ vv _ || _ ||||| _ || _ vvv||||! _ ^^^^ _ X!","Certain","||| _ X X _ ||| _ //// _ ||||| _ vvv _ vv _ || _ ||||| _ || _ vvv|||| _ ^^^^ _ X"
"vhc0156","","Aurignacien","Vogelherd","Vogelherd","vhc","Niederstotzingen-Stetten","Germany",48.559,10.194,"precise","nespos.org","IV","C14","32030±280 - 26160±150",NA,NA,NA,"1931","ivory","figurine anthropomorph",69,19,10,"fragmented","°°°° °°° _ °°°°°°°° _ v°°°°°°°° _ Vv","Certain","°°°° °°° _ °°°°°°°° _ v°°°°°°°° _ Vv"
"vhc0155","","Aurignacien","Vogelherd","Vogelherd","vhc","Niederstotzingen-Stetten","Germany",48.559,10.194,"precise","nespos.org","V","C14","35810±710 - 25900±260",NA,NA,NA,"1931","ivory","figurine zoomorph",64,26,17,"fragmented","°!°°°°°°°°°°! _ °°°°°°°° _ !°°°°°°°°°°°! _ °°°°°°°°°°°°°° _ vvvXXX! _ !vvvvvv! _ !vvvvv! _ [CCCC] _ [CCCC] _ [CCCC] _ |||! _ ||| _ vvvv _ ||| _ vvvv _ |||| _ ||| _ ||| _ vvv _ ≠ _ || _ °!","Very certain","°°°°°°°°°°° _ °°°°°°°° _ °°°°°°°°°°° _ °°°°°°°°°°°°°° _ vvvXXX _ vvvvvv _ vvvvv _ ||| _ ||| _ vvvv _ ||| _ vvvv _ |||| _ ||| _ ||| _ vvv _ ≠ _ || _ °"
"vhc0154","","Aurignacien","Vogelherd","Vogelherd","vhc","Niederstotzingen-Stetten","Germany",48.559,10.194,"precise","nespos.org","V","C14","35810±710 - 25900±260",NA,NA,NA,"1931","ivory","figurine zoomorph",65,26,11,"fragmented","≠ _ |||||","Certain","≠ _ |||||"
"vhc0153","","Aurignacien","Vogelherd","Vogelherd","vhc","Niederstotzingen-Stetten","Germany",48.559,10.194,"precise","nespos.org","V","C14","35810±710 - 25900±260",NA,NA,NA,"1931","ivory","rod/bâton",60,10,10,"fragmented","|||| || || | _ |||||| | | | _ !||||||||","Very certain","|||| || || | _ |||||| | | | _ ||||||||"
"vhc0152","","Aurignacien","Vogelherd","Vogelherd","vhc","Niederstotzingen-Stetten","Germany",48.559,10.194,"precise","nespos.org","V","C14","35810±710 - 25900±260",NA,NA,NA,"1931","ivory","bâton percé",133,31,10,"almost complete","|||| _ ||||| _ ||||||||","Uncertain","|||| _ ||||| _ ||||||||"
"vhc0151","","Aurignacien","Vogelherd","Vogelherd","vhc","Niederstotzingen-Stetten","Germany",48.559,10.194,"precise","nespos.org","V","C14","35810±710 - 25900±260",NA,NA,NA,"1931","fossil","undetermined",77,24,26,"almost complete","v v vvv vv","Very certain","v v vvv vv"
"vhc0149","","Aurignacien","Vogelherd","Vogelherd","vhc","Niederstotzingen-Stetten","Germany",48.559,10.194,"precise","nespos.org","IV","C14","32030±280 - 26160±150",NA,NA,NA,"1931","ivory","undetermined",38,14,5,"fragmented","!|||||||","Very certain","|||||||"
"vhc0148","","Aurignacien","Vogelherd","Vogelherd","vhc","Niederstotzingen-Stetten","Germany",48.559,10.194,"precise","nespos.org","","C14","35810±710 - 25900±260",NA,NA,NA,"1950","sandstone","possible figurine",54,40,32,"complete","||||||||||| _ [||||||||||||||||||||||||] _ [||||||||||||||||||||||||]","Very certain","|||||||||||"
"vhc0147","","Aurignacien","Vogelherd","Vogelherd","vhc","Niederstotzingen-Stetten","Germany",48.559,10.194,"precise","nespos.org","V","C14","35810±710 - 25900±260",NA,NA,NA,"1931","ivory","figurine zoomorph",68,24,14,"fragmented","|||||X _ (!°°°°°°°°°°°°°°°°°°°°°°°°°°°°°°°°°°°!) _ (!°°°°°°°°°°°°°°°°°!) _ ||||","Very certain","|||||X _ ||||"
"vhc0146","","Aurignacien","Vogelherd","Vogelherd","vhc","Niederstotzingen-Stetten","Germany",48.559,10.194,"precise","nespos.org","V","C14","35810±710 - 25900±260",NA,NA,NA,"1931","ivory","figurine zoomorph",48,25,8,"fragmented","XXXXXXXXXXXXX _ vvvvvvvvvvvvvvvvv","Very certain","XXXXXXXXXXXXX _ vvvvvvvvvvvvvvvvv"
"vhc0145","","Aurignacien","Vogelherd","Vogelherd","vhc","Niederstotzingen-Stetten","Germany",48.559,10.194,"precise","nespos.org","V","C14","35810±710 - 25900±260",NA,NA,NA,"1931","ivory","figurine zoomorph",50,32,22,"almost complete","(/X)XXXXXYYY _ X(XX) _ (X/X)XXXX _ XVXXY _ °°° _ °°°°°°° _ XXXX _ >>>XXX _ ⊞ _ XXXXX","Very certain","XXXXXYYY _ X _ XXXX _ XVXXY _ °°° _ °°°°°°° _ XXXX _ >>>XXX _ ⊞ _ XXXXX"
"vhc0144","","Aurignacien","Vogelherd","Vogelherd","vhc","Niederstotzingen-Stetten","Germany",48.559,10.194,"precise","nespos.org","IV","C14","32030±280 - 26160±150",NA,NA,NA,"1931","ivory","figurine zoomorph",62,23,8,"fragmented","– – – – – _ !/////////////////! _ !///////////////!","Very certain","– – – – – _ ///////////////// _ ///////////////"
"vhc0169","","Aurignacien","Vogelherd","Vogelherd","vhc","Niederstotzingen-Stetten","Germany",48.559,10.194,"precise","nespos.org","IV","C14","32030±280 - 26160±150",NA,NA,NA,"1931","bone","spatula/lissoir",47,8,5,"fragmented","vvvvvvvvvv!","Very certain","vvvvvvvvvv"
"vhc0143","","Aurignacien","Vogelherd","Vogelherd","vhc","Niederstotzingen-Stetten","Germany",48.559,10.194,"precise","nespos.org","V","C14","35810±710 - 25900±260",NA,NA,NA,"1931","bone","undetermined",60,10,2,"almost complete","||| ||||","Very certain","||| ||||"
"vhc0141","","Aurignacien","Vogelherd","Vogelherd","vhc","Niederstotzingen-Stetten","Germany",48.559,10.194,"precise","nespos.org","HL/KS","C14","35810±710 - 25900±260",NA,NA,NA,"2009","bone","tube/flute",19,4,2,"fragmented","!||||!","Very certain","||||"
"vhc0140","","Aurignacien","Vogelherd","Vogelherd","vhc","Niederstotzingen-Stetten","Germany",48.559,10.194,"precise","nespos.org","HL/KS","C14","35810±710 - 25900±260",NA,NA,NA,"2008","ivory","rod/bâton",13,4,4,"fragmented","!vvv!","Very certain","vvv"
"vhc0139","","Aurignacien","Vogelherd","Vogelherd","vhc","Niederstotzingen-Stetten","Germany",48.559,10.194,"precise","nespos.org","HL/KS","C14","35810±710 - 25900±260",NA,NA,NA,"2012","ivory","undetermined",45,18,7,"fragmented","!| || |!","Uncertain","| || |"
"vhc0138","","Aurignacien","Vogelherd","Vogelherd","vhc","Niederstotzingen-Stetten","Germany",48.559,10.194,"precise","nespos.org","HL/KS","C14","35810±710 - 25900±260",NA,NA,NA,"2010","bone","tube/flute",17,6,3,"fragmented","!vvvv! _ !vvvvv!","Very certain","vvvv _ vvvvv"
"vhc0137","","Aurignacien","Vogelherd","Vogelherd","vhc","Niederstotzingen-Stetten","Germany",48.559,10.194,"precise","nespos.org","HL/KS","C14","35810±710 - 25900±260",NA,NA,NA,"2010","ivory","possible flute",14,4,2,"fragmented","!vvv!","Very certain","vvv"
"vhc0136","","Aurignacien","Vogelherd","Vogelherd","vhc","Niederstotzingen-Stetten","Germany",48.559,10.194,"precise","nespos.org","HL/KS","C14","35810±710 - 25900±260",NA,NA,NA,"2010","bone","flute",15,6,2,"fragmented","||!","Very certain","||"
"vhc0135","","Aurignacien","Vogelherd","Vogelherd","vhc","Niederstotzingen-Stetten","Germany",48.559,10.194,"precise","nespos.org","HL/KS","C14","35810±710 - 25900±260",NA,NA,NA,"2010","bone","spatula/lissoir",30,10,5,"fragmented","(/XXXX!) _ (XXXX!) _ >>! _","Certain",">>"
"vhc0134","","Aurignacien","Vogelherd","Vogelherd","vhc","Niederstotzingen-Stetten","Germany",48.559,10.194,"precise","nespos.org","HL/KS","C14","35810±710 - 25900±260",NA,NA,NA,"2010","bone","possible figurine",11,4,4,"fragmented","!XX!","Certain","XX"
"vhc0132","","Aurignacien","Vogelherd","Vogelherd","vhc","Niederstotzingen-Stetten","Germany",48.559,10.194,"precise","nespos.org","HL/KS","C14","35810±710 - 25900±260",NA,NA,NA,"2011","bone","awl",52,11,8,"almost complete","|||||| _ vvvv vvv _ ||||! _ vvvv vv","Very certain","|||||| _ vvvv vvv _ |||| _ vvvv vv"
"vhc0131","","Aurignacien","Vogelherd","Vogelherd","vhc","Niederstotzingen-Stetten","Germany",48.559,10.194,"precise","nespos.org","HL/KS","C14","35810±710 - 25900±260",NA,NA,NA,"2005","bone","tube/flute",17,7,4,"fragmented","≠! _ vv","Uncertain","≠ _ vv"
"vhc0130","","Aurignacien","Vogelherd","Vogelherd","vhc","Niederstotzingen-Stetten","Germany",48.559,10.194,"precise","nespos.org","HL/KS","C14","35810±710 - 25900±260",NA,NA,NA,"2011","bone","tube/flute",21,6,2,"fragmented","!vv!","Certain","vv"
"vhc0129","","Aurignacien","Vogelherd","Vogelherd","vhc","Niederstotzingen-Stetten","Germany",48.559,10.194,"precise","nespos.org","HL/KS","C14","35810±710 - 25900±260",NA,NA,NA,"2011","bone","tube/flute",15,5,4,"fragmented","vvvv _ vvvv","Very certain","vvvv _ vvvv"
"vhc0128","","Aurignacien","Vogelherd","Vogelherd","vhc","Niederstotzingen-Stetten","Germany",48.559,10.194,"precise","nespos.org","HL/KS","C14","35810±710 - 25900±260",NA,NA,NA,"2011","ivory","undetermined",12,7,3,"fragmented","!||!","Certain","||"
"vhc0127","","Aurignacien","Vogelherd","Vogelherd","vhc","Niederstotzingen-Stetten","Germany",48.559,10.194,"precise","nespos.org","HL/KS","C14","35810±710 - 25900±260",NA,NA,NA,"2005","bone","tube/flute",20,7,4,"fragmented","!vv! _ !vvv!","Certain","vv _ vvv"
"vhc0126","","Aurignacien","Vogelherd","Vogelherd","vhc","Niederstotzingen-Stetten","Germany",48.559,10.194,"precise","nespos.org","HL/KS","C14","35810±710 - 25900±260",NA,NA,NA,"2011","bone","undetermined",18,5,2,"fragmented","!vvvvvvv! _ // /// //!","Uncertain","vvvvvvv _ // /// //"
"vhc0125","","Aurignacien","Vogelherd","Vogelherd","vhc","Niederstotzingen-Stetten","Germany",48.559,10.194,"precise","nespos.org","HL/KS","C14","35810±710 - 25900±260",NA,NA,NA,"2011","ivory","undetermined",8,5,3,"fragmented","!vvv!","Uncertain","vvv"
"vhc0124","","Aurignacien","Vogelherd","Vogelherd","vhc","Niederstotzingen-Stetten","Germany",48.559,10.194,"precise","nespos.org","HL/KS","C14","35810±710 - 25900±260",NA,NA,NA,"2011","bone","undetermined",39,7,2,"fragmented","vvvvvv","Very certain","vvvvvv"
"vhc0123","","Aurignacien","Vogelherd","Vogelherd","vhc","Niederstotzingen-Stetten","Germany",48.559,10.194,"precise","nespos.org","HL/KS","C14","35810±710 - 25900±260",NA,NA,NA,"2011","ivory","rod/bâton",25,6,5,"fragmented","vvvv vvv vv! _ vvv v vvvv _ vvv! _ !v vv v v v v v! _ v v v v v _ !vvvv! _ !>>>>>>>!","Uncertain","vvvv vvv vv _ vvv v vvvv _ vvv _ v vv v v v v v _ v v v v v _ vvvv _ >>>>>>>"
"vhc0121","","Aurignacien","Vogelherd","Vogelherd","vhc","Niederstotzingen-Stetten","Germany",48.559,10.194,"precise","nespos.org","HL/KS","C14","35810±710 - 25900±260",NA,NA,NA,"2006","bone","tube/flute",36,11,3,"fragmented","!| | |!","Certain","| | |"
"vhc0119","","Aurignacien","Vogelherd","Vogelherd","vhc","Niederstotzingen-Stetten","Germany",48.559,10.194,"precise","nespos.org","HL/KS","C14","35810±710 - 25900±260",NA,NA,NA,"","ivory","possible figurine",9,5,3,"fragmented","!v vv v!","Very certain","v vv v"
"vhc0118","","Aurignacien","Vogelherd","Vogelherd","vhc","Niederstotzingen-Stetten","Germany",48.559,10.194,"precise","nespos.org","HL/KS","C14","35810±710 - 25900±260",NA,NA,NA,"2011","bone","flute",19,4,3,"fragmented","v v vv v v","Very certain","v v vv v v"
"vhc0117","","Aurignacien","Vogelherd","Vogelherd","vhc","Niederstotzingen-Stetten","Germany",48.559,10.194,"precise","nespos.org","HL/KS","C14","35810±710 - 25900±260",NA,NA,NA,"2011","bone","tube/flute",12,6,3,"fragmented","!vvvvv!","Uncertain","vvvvv"
"vhc0115","","Aurignacien","Vogelherd","Vogelherd","vhc","Niederstotzingen-Stetten","Germany",48.559,10.194,"precise","nespos.org","HL/KS","C14","35810±710 - 25900±260",NA,NA,NA,"2012","ivory","undetermined",11,4,2,"fragmented","!vvvv!","Uncertain","vvvv"
"vhc0114","","Aurignacien","Vogelherd","Vogelherd","vhc","Niederstotzingen-Stetten","Germany",48.559,10.194,"precise","nespos.org","HL/KS","C14","35810±710 - 25900±260",NA,NA,NA,"2012","ivory","undetermined",40,23,8,"fragmented","!||||||!","Very certain","||||||"
"vhc0113","","Aurignacien","Vogelherd","Vogelherd","vhc","Niederstotzingen-Stetten","Germany",48.559,10.194,"precise","nespos.org","HL/KS","C14","35810±710 - 25900±260",NA,NA,NA,"2012","bone","rod/bâton",19,4,4,"fragmented","!vvv! _ !vvvv! _ vv! _ !vvvv!","Uncertain","vvv _ vvvv _ vv _ vvvv"
"vhc0112","","Aurignacien","Vogelherd","Vogelherd","vhc","Niederstotzingen-Stetten","Germany",48.559,10.194,"precise","nespos.org","HL/KS","C14","35810±710 - 25900±260",NA,NA,NA,"2012","ivory","figurine zoomorph",14,11,8,"fragmented","vv _ X","Very certain","vv _ X"
"vhc0110","","Aurignacien","Vogelherd","Vogelherd","vhc","Niederstotzingen-Stetten","Germany",48.559,10.194,"precise","nespos.org","HL/KS","C14","35810±710 - 25900±260",NA,NA,NA,"2012","ivory","undetermined",17,8,3,"fragmented","vvv!","Very certain","vvv"
"vhc0109","","Aurignacien","Vogelherd","Vogelherd","vhc","Niederstotzingen-Stetten","Germany",48.559,10.194,"precise","nespos.org","HL/KS","C14","35810±710 - 25900±260",NA,NA,NA,"2012","ivory","possible flute",17,3,2,"fragmented","!vvvvvvv!","Very certain","vvvvvvv"
"vhc0108","","Aurignacien","Vogelherd","Vogelherd","vhc","Niederstotzingen-Stetten","Germany",48.559,10.194,"precise","nespos.org","HU/KS","C14","35810±710 - 25900±260",NA,NA,NA,"2005","bone","undetermined",15,4,2,"fragmented","!XXXX!","Uncertain","XXXX"
"vhc0175","","Aurignacien","Vogelherd","Vogelherd","vhc","Niederstotzingen-Stetten","Germany",48.559,10.194,"precise","nespos.org","HU/KS","C14","35810±710 - 25900±260",NA,NA,NA,"2005","ivory","rod/bâton",18,5,3,"fragmented","vvv!","Very certain","vvv"
"vhc0107","","Aurignacien","Vogelherd","Vogelherd","vhc","Niederstotzingen-Stetten","Germany",48.559,10.194,"precise","nespos.org","HL/KS","C14","35810±710 - 25900±260",NA,NA,NA,"2005","ivory","rod/bâton",29,12,5,"fragmented","/ \ _ |||! _ ||!","Uncertain","/ \ _ ||| _ ||"
"vhc0105","","Aurignacien","Vogelherd","Vogelherd","vhc","Niederstotzingen-Stetten","Germany",48.559,10.194,"precise","nespos.org","HL/KS","C14","35810±710 - 25900±260",NA,NA,NA,"2006","ivory","possible flute",13,2,2,"fragmented","!vvvvvvv!","Certain","vvvvvvv"
"vhc0104","","Aurignacien","Vogelherd","Vogelherd","vhc","Niederstotzingen-Stetten","Germany",48.559,10.194,"precise","nespos.org","HL/KS","C14","35810±710 - 25900±260",NA,NA,NA,"2006","ivory","undetermined",9,2,2,"fragmented","!vvv! _ !vv! _ !vv! _ !vvv!","Uncertain","vvv _ vv _ vv _ vvv"
"vhc0103","","Aurignacien","Vogelherd","Vogelherd","vhc","Niederstotzingen-Stetten","Germany",48.559,10.194,"precise","nespos.org","HL/KS","C14","35810±710 - 25900±260",NA,NA,NA,"2006","bone","undetermined",18,5,2,"fragmented","!vvvvvv! _ !v V>>>vv!","Uncertain","vvvvvv _ v V>>>vv"
"vhc0102","","Aurignacien","Vogelherd","Vogelherd","vhc","Niederstotzingen-Stetten","Germany",48.559,10.194,"precise","nespos.org","HL/KS","C14","35810±710 - 25900±260",NA,NA,NA,"2006","bone","undetermined",8,8,2,"fragmented","!|||! _ !vv! _ !vvv!","Certain","||| _ vv _ vvv"
"vhc0101","","Aurignacien","Vogelherd","Vogelherd","vhc","Niederstotzingen-Stetten","Germany",48.559,10.194,"precise","nespos.org","HL/KS","C14","35810±710 - 25900±260",NA,NA,NA,"2007","ivory","possible figurine",10,7,4,"fragmented","!vv! _ !v!","Uncertain","vv _ v"
"vhc0100","","Aurignacien","Vogelherd","Vogelherd","vhc","Niederstotzingen-Stetten","Germany",48.559,10.194,"precise","nespos.org","HL/KS","C14","35810±710 - 25900±260",NA,NA,NA,"2008","bone","tube/flute",10,6,2,"fragmented","!vvv!","Certain","vvv"
"vhc0099","","Aurignacien","Vogelherd","Vogelherd","vhc","Niederstotzingen-Stetten","Germany",48.559,10.194,"precise","nespos.org","DKS","C14","35810±710 - 25900±260",NA,NA,NA,"2008","ivory","undetermined",28,8,2,"fragmented","!////","Certain","////"
"vhc0098","","Aurignacien","Vogelherd","Vogelherd","vhc","Niederstotzingen-Stetten","Germany",48.559,10.194,"precise","nespos.org","HL/KS","C14","35810±710 - 25900±260",NA,NA,NA,"2008","ivory","undetermined",32,10,5,"fragmented","|| ||","Certain","|| ||"
"vhc0096","","Aurignacien","Vogelherd","Vogelherd","vhc","Niederstotzingen-Stetten","Germany",48.559,10.194,"precise","nespos.org","HL/KS","C14","35810±710 - 25900±260",NA,NA,NA,"2006","ivory","undetermined",18,5,4,"fragmented","XX! _ vvvvvvvv! _ !vvvv!","Uncertain","XX _ vvvvvvvv _ vvvv"
"vhc0094","","Aurignacien","Vogelherd","Vogelherd","vhc","Niederstotzingen-Stetten","Germany",48.559,10.194,"precise","nespos.org","HL/KS","C14","35810±710 - 25900±260",NA,NA,NA,"2007","ivory","undetermined",11,5,3,"fragmented","!XX! _ !vvvvvvv!","Uncertain","XX _ vvvvvvv"
"vhc0093","","Aurignacien","Vogelherd","Vogelherd","vhc","Niederstotzingen-Stetten","Germany",48.559,10.194,"precise","nespos.org","HL/KS","C14","35810±710 - 25900±260",NA,NA,NA,"2006","ivory","figurine undet.",61,23,8,"fragmented","!|||||! _ !|! _ !||!","Uncertain","||||| _ | _ ||"
"vhc0092","","Aurignacien","Vogelherd","Vogelherd","vhc","Niederstotzingen-Stetten","Germany",48.559,10.194,"precise","nespos.org","HL/KS","C14","35810±710 - 25900±260",NA,NA,NA,"2006","bone","undetermined",16,3,2,"fragmented","!vvv! _ !vvvvv!","Very certain","vvv _ vvvvv"
"vhc0091","","Aurignacien","Vogelherd","Vogelherd","vhc","Niederstotzingen-Stetten","Germany",48.559,10.194,"precise","nespos.org","HL/KS","C14","35810±710 - 25900±260",NA,NA,NA,"2006","ivory","possible figurine",14,8,3,"fragmented","!vvvvvvvvvv!","Very certain","vvvvvvvvvv"
"vhc0090","","Aurignacien","Vogelherd","Vogelherd","vhc","Niederstotzingen-Stetten","Germany",48.559,10.194,"precise","nespos.org","HL/KS","C14","35810±710 - 25900±260",NA,NA,NA,"2006","ivory","figurine zoomorph",37,28,12,"complete","vvvvvv _ ≠ _ ≠","Very certain","vvvvvv _ ≠ _ ≠"
"vhc0089","","Aurignacien","Vogelherd","Vogelherd","vhc","Niederstotzingen-Stetten","Germany",48.559,10.194,"precise","nespos.org","HL/KS","C14","35810±710 - 25900±260",NA,NA,NA,"2006","ivory","undetermined",17,7,4,"fragmented",">>>>! _ >>!","Certain",">>>> _ >>"
"vhc0087","","Aurignacien","Vogelherd","Vogelherd","vhc","Niederstotzingen-Stetten","Germany",48.559,10.194,"precise","nespos.org","HL/KS","C14","35810±710 - 25900±260",NA,NA,NA,"2006","ivory","figurine zoomorph",56,17,6,"fragmented","(XXXXXXXXXXXXXXXXXXXXXXXXXXXXXX) _ °°°°°°°°°! _ °°°°°°! _ °! _ °! _ ¤¤¤¤¤¤","Certain","°°°°°°°°° _ °°°°°° _ ° _ ° _ ¤¤¤¤¤¤"
"vhc0086","","Aurignacien","Vogelherd","Vogelherd","vhc","Niederstotzingen-Stetten","Germany",48.559,10.194,"precise","nespos.org","HL/KS","C14","35810±710 - 25900±260",NA,NA,NA,"2006","bone","undetermined",NA,NA,NA,"fragmented","!v vv vv!","Certain","v vv vv"
"vhc0085","","Aurignacien","Vogelherd","Vogelherd","vhc","Niederstotzingen-Stetten","Germany",48.559,10.194,"precise","nespos.org","HL/KS","C14","35810±710 - 25900±260",NA,NA,NA,"2006","bone","undetermined",17,5,2,"fragmented","vv!","Uncertain","vv"
"vhc0084","","Aurignacien","Vogelherd","Vogelherd","vhc","Niederstotzingen-Stetten","Germany",48.559,10.194,"precise","nespos.org","HL/KS","C14","35810±710 - 25900±260",NA,NA,NA,"2006","ivory","figurine zoomorph",31,14,4,"fragmented","|||! _ v _ v _ v _ v _ v","Certain","||| _ v _ v _ v _ v _ v"
"vhc0083","","Aurignacien","Vogelherd","Vogelherd","vhc","Niederstotzingen-Stetten","Germany",48.559,10.194,"precise","nespos.org","HL/KS","C14","35810±710 - 25900±260",NA,NA,NA,"2006","ivory","possible figurine",11,9,4,"fragmented","!XXX!","Very certain","XXX"
"vhc0082","","Aurignacien","Vogelherd","Vogelherd","vhc","Niederstotzingen-Stetten","Germany",48.559,10.194,"precise","nespos.org","HL/KS","C14","35810±710 - 25900±260",NA,NA,NA,"2008","ivory","possible figurine",11,6,3,"fragmented","!vvvvv!","Very certain","vvvvv"
"vhc0081","","Aurignacien","Vogelherd","Vogelherd","vhc","Niederstotzingen-Stetten","Germany",48.559,10.194,"precise","nespos.org","HL/KS","C14","35810±710 - 25900±260",NA,NA,NA,"2008","ivory","undetermined",20,8,5,"fragmented","!XXX! _ !vvvv!","Uncertain","XXX _ vvvv"
"vhc0080","","Aurignacien","Vogelherd","Vogelherd","vhc","Niederstotzingen-Stetten","Germany",48.559,10.194,"precise","nespos.org","HL/KS","C14","35810±710 - 25900±260",NA,NA,NA,"2008","ivory","undetermined",19,7,2,"fragmented","!/ / //","Certain","/ / //"
"vhc0078","","Aurignacien","Vogelherd","Vogelherd","vhc","Niederstotzingen-Stetten","Germany",48.559,10.194,"precise","nespos.org","HL/KS","C14","35810±710 - 25900±260",NA,NA,NA,"2007","ivory","figurine undet.",11,8,6,"fragmented","!vv!","Uncertain","vv"
"vhc0077","","Aurignacien","Vogelherd","Vogelherd","vhc","Niederstotzingen-Stetten","Germany",48.559,10.194,"precise","nespos.org","HU/KS","C14","35810±710 - 25900±260",NA,NA,NA,"2007","bone","undetermined",15,5,2,"fragmented","!v v vv v!","Very certain","v v vv v"
"vhc0076","","Aurignacien","Vogelherd","Vogelherd","vhc","Niederstotzingen-Stetten","Germany",48.559,10.194,"precise","nespos.org","HL/KS","C14","35810±710 - 25900±260",NA,NA,NA,"2008","bone","flute",16,3,1,"fragmented","!||||!","Very certain","||||"
"vhc0075","","Aurignacien","Vogelherd","Vogelherd","vhc","Niederstotzingen-Stetten","Germany",48.559,10.194,"precise","nespos.org","HL/KS","C14","35810±710 - 25900±260",NA,NA,NA,"2007","ivory","undetermined",9,1,2,"fragmented","!vvvvv!","Very certain","vvvvv"
"vhc0073","","Aurignacien","Vogelherd","Vogelherd","vhc","Niederstotzingen-Stetten","Germany",48.559,10.194,"precise","nespos.org","HL/KS","C14","35810±710 - 25900±260",NA,NA,NA,"2009","ivory","possible figurine",16,9,3,"fragmented","!vvv!","Certain","vvv"
"vhc0071","","Aurignacien","Vogelherd","Vogelherd","vhc","Niederstotzingen-Stetten","Germany",48.559,10.194,"precise","nespos.org","HL/KS","C14","35810±710 - 25900±260",NA,NA,NA,"2008","bone","undetermined",14,4,2,"fragmented","!||||!","Very certain","||||"
"vhc0070","","Aurignacien","Vogelherd","Vogelherd","vhc","Niederstotzingen-Stetten","Germany",48.559,10.194,"precise","nespos.org","HL/KS","C14","35810±710 - 25900±260",NA,NA,NA,"2008","bone","tube/flute",17,7,3,"fragmented","!vvvvvv!","Certain","vvvvvv"
"vhc0069","","Aurignacien","Vogelherd","Vogelherd","vhc","Niederstotzingen-Stetten","Germany",48.559,10.194,"precise","nespos.org","HL/KS","C14","35810±710 - 25900±260",NA,NA,NA,"2007","ivory","personal ornament",10,5,4,"almost complete",">>>>! _ >>>>!","Very certain",">>>> _ >>>>"
"vhc0068","","Aurignacien","Vogelherd","Vogelherd","vhc","Niederstotzingen-Stetten","Germany",48.559,10.194,"precise","nespos.org","HL/KS","C14","35810±710 - 25900±260",NA,NA,NA,"2007","ivory","undetermined",9,4,1,"fragmented","!XX","Very certain","XX"
"vhc0067","","Aurignacien","Vogelherd","Vogelherd","vhc","Niederstotzingen-Stetten","Germany",48.559,10.194,"precise","nespos.org","HL/KS","C14","35810±710 - 25900±260",NA,NA,NA,"2007","ivory","awl",79,10,10,"almost complete","||||| (/||)||| _ ||","Certain","||||| ||| _ ||"
"vhc0066","","Aurignacien","Vogelherd","Vogelherd","vhc","Niederstotzingen-Stetten","Germany",48.559,10.194,"precise","nespos.org","HL/KS","C14","35810±710 - 25900±260",NA,NA,NA,"2007","ivory","undetermined",16,6,3,"fragmented","!vv! _ vv!","Uncertain","vv _ vv"
"vhc0064","","Aurignacien","Vogelherd","Vogelherd","vhc","Niederstotzingen-Stetten","Germany",48.559,10.194,"precise","nespos.org","HL/KS","C14","35810±710 - 25900±260",NA,NA,NA,"2007","bone","flute",22,5,4,"fragmented","vvvv _ !vvv!  _ !vvv!","Very certain","vvvv _ vvv  _ vvv"
"vhc0062","","Aurignacien","Vogelherd","Vogelherd","vhc","Niederstotzingen-Stetten","Germany",48.559,10.194,"precise","nespos.org","HL/KS","C14","35810±710 - 25900±260",NA,NA,NA,"2007","ivory","personal ornament",13,5,4,"fragmented","!vvv!","Certain","vvv"
"vhc0061","","Aurignacien","Vogelherd","Vogelherd","vhc","Niederstotzingen-Stetten","Germany",48.559,10.194,"precise","nespos.org","HL/KS","C14","35810±710 - 25900±260",NA,NA,NA,"2007","ivory","possible flute",9,2,2,"fragmented","!v vvvv v!","Very certain","v vvvv v"
"vhc0060","","Aurignacien","Vogelherd","Vogelherd","vhc","Niederstotzingen-Stetten","Germany",48.559,10.194,"precise","nespos.org","HL/KS","C14","35810±710 - 25900±260",NA,NA,NA,"2008","ivory","possible figurine",29,15,3,"fragmented","////////// _ l|ll!","Certain","////////// _ l|ll"
"vhc0059","","Aurignacien","Vogelherd","Vogelherd","vhc","Niederstotzingen-Stetten","Germany",48.559,10.194,"precise","nespos.org","HL/KS","C14","35810±710 - 25900±260",NA,NA,NA,"2008","ivory","figurine undet.",25,15,7,"fragmented","!^^^^^^ |!","Certain","^^^^^^ |"
"vhc0057","","Aurignacien","Vogelherd","Vogelherd","vhc","Niederstotzingen-Stetten","Germany",48.559,10.194,"precise","nespos.org","HL/KS","C14","35810±710 - 25900±260",NA,NA,NA,"2008","ivory","rod/bâton",14,4,1,"fragmented","!vvv! _ !vvv!","Uncertain","vvv _ vvv"
"vhc0055","","Aurignacien","Vogelherd","Vogelherd","vhc","Niederstotzingen-Stetten","Germany",48.559,10.194,"precise","nespos.org","GF/KS","C14","35810±710 - 25900±260",NA,NA,NA,"2008","bone","tube/flute",9,5,2,"fragmented","!vv! _ !vvv!","Uncertain","vv _ vvv"
"vhc0054","","Aurignacien","Vogelherd","Vogelherd","vhc","Niederstotzingen-Stetten","Germany",48.559,10.194,"precise","nespos.org","HL/KS","C14","35810±710 - 25900±260",NA,NA,NA,"2008","ivory","possible figurine",20,9,4,"fragmented","!vvvvvvvvv!","Certain","vvvvvvvvv"
"vhc0053","","Aurignacien","Vogelherd","Vogelherd","vhc","Niederstotzingen-Stetten","Germany",48.559,10.194,"precise","nespos.org","HL/KS","C14","35810±710 - 25900±260",NA,NA,NA,"2008","bone","undetermined",17,6,2,"fragmented","!X/XXX/!","Uncertain","X/XXX/"
"vhc0052","","Aurignacien","Vogelherd","Vogelherd","vhc","Niederstotzingen-Stetten","Germany",48.559,10.194,"precise","nespos.org","HL/KS","C14","35810±710 - 25900±260",NA,NA,NA,"2008","ivory","figurine zoomorph",70,31,9,"almost complete","!//////////// _ /// _ [!°°°°°°°°°°°°°°°°°°°°°°°°°°°°°°°°°°°°°°°°°°°°°°°°°°°°°] _ ///// _ // //// _ ≠ _ /////////// _ [!°°°°°°°°°°°°°°°°°°°°°°°°°°°°°°°°°°°°°°°°°°°°°°°°°°°°°°°°°°°°]","Very certain","//////////// _ /// _ ///// _ // //// _ ≠ _ ///////////"
"vhc0051","","Aurignacien","Vogelherd","Vogelherd","vhc","Niederstotzingen-Stetten","Germany",48.559,10.194,"precise","nespos.org","HL/KS","C14","35810±710 - 25900±260",NA,NA,NA,"2007","ivory","undetermined",41,14,4,"fragmented","X/X||! _ ||||!","Uncertain","X/X|| _ ||||"
"vhc0050","","Aurignacien","Vogelherd","Vogelherd","vhc","Niederstotzingen-Stetten","Germany",48.559,10.194,"precise","nespos.org","HL/KS","C14","35810±710 - 25900±260",NA,NA,NA,"2007","ivory","undetermined",11,3,2,"fragmented","!vvvvvv/v!","Uncertain","vvvvvv/v"
"vhc0049","","Aurignacien","Vogelherd","Vogelherd","vhc","Niederstotzingen-Stetten","Germany",48.559,10.194,"precise","nespos.org","V and HL/KS","C14","35810±710 - 25900±260",NA,NA,NA,"2007","bone","spatula/lissoir",90,11,5,"almost complete","X X X X X X X _ vvvvvvvvvvvv!vvvvvvvvvvvvvv _ vvv vvv vv! vvv vvv","Certain","X X X X X X X _ vvvvvvvvvvvvvvvvvvvvvvvvvv _ vvv vvv vv vvv vvv"
"vhc0173","","Aurignacien","Vogelherd","Vogelherd","vhc","Niederstotzingen-Stetten","Germany",48.559,10.194,"precise","nespos.org","HL/KS","C14","35810±710 - 25900±260",NA,NA,NA,"2007","bone","undetermined",25,8,3,"fragmented","!vvvv v!","Very certain","vvvv v"
"vhc0047","","Aurignacien","Vogelherd","Vogelherd","vhc","Niederstotzingen-Stetten","Germany",48.559,10.194,"precise","nespos.org","HL/KS","C14","35810±710 - 25900±260",NA,NA,NA,"2008","ivory","undetermined",11,5,1,"fragmented","!vvvv!","Very certain","vvvv"
"vhc0046","","Aurignacien","Vogelherd","Vogelherd","vhc","Niederstotzingen-Stetten","Germany",48.559,10.194,"precise","nespos.org","HL/KS","C14","35810±710 - 25900±260",NA,NA,NA,"2009","antler","awl",39,9,5,"fragmented","| | |||| |||! _ vv!","Very certain","| | |||| ||| _ vv"
"vhc0045","","Aurignacien","Vogelherd","Vogelherd","vhc","Niederstotzingen-Stetten","Germany",48.559,10.194,"precise","nespos.org","HL/KS","C14","35810±710 - 25900±260",NA,NA,NA,"2008","ivory","flute",21,7,NA,"fragmented","!vvvvvvv! _ !v!","Very certain","vvvvvvv _ v"
"vhc0044","","Aurignacien","Vogelherd","Vogelherd","vhc","Niederstotzingen-Stetten","Germany",48.559,10.194,"precise","nespos.org","HL/KS","C14","35810±710 - 25900±260",NA,NA,NA,"2008","ivory","figurine zoomorph",38,14,4,"fragmented","[vv _ v _ v _ vvv _ vv _ vv _ vvv] _ ||l","Uncertain","||l"
"vhc0043","","Aurignacien","Vogelherd","Vogelherd","vhc","Niederstotzingen-Stetten","Germany",48.559,10.194,"precise","nespos.org","HL/KS","C14","35810±710 - 25900±260",NA,NA,NA,"2008","bone","possible figurine",20,6,3,"fragmented","vvvv/Xv! _ XXXXXXvvv! _","Uncertain","vvvv/Xv _ XXXXXXvvv"
"vhc0042","","Aurignacien","Vogelherd","Vogelherd","vhc","Niederstotzingen-Stetten","Germany",48.559,10.194,"precise","nespos.org","HL/KS","C14","35810±710 - 25900±260",NA,NA,NA,"2008","bone","undetermined",11,4,4,"fragmented","!XX!","Uncertain","XX"
"vhc0040","","Aurignacien","Vogelherd","Vogelherd","vhc","Niederstotzingen-Stetten","Germany",48.559,10.194,"precise","nespos.org","HL/KS","C14","35810±710 - 25900±260",NA,NA,NA,"2008","bone","tube/flute",13,5,2,"fragmented","!XX!","Uncertain","XX"
"vhc0039","","Aurignacien","Vogelherd","Vogelherd","vhc","Niederstotzingen-Stetten","Germany",48.559,10.194,"precise","nespos.org","HL/KS","C14","35810±710 - 25900±260",NA,NA,NA,"2008","bone","undetermined",10,5,3,"fragmented","!YYY!","Certain","YYY"
"vhc0038","","Aurignacien","Vogelherd","Vogelherd","vhc","Niederstotzingen-Stetten","Germany",48.559,10.194,"precise","nespos.org","HL/KS","C14","35810±710 - 25900±260",NA,NA,NA,"2008","ivory","figurine undet.",15,5,1,"fragmented","!vv!","Uncertain","vv"
"vhc0037","","Aurignacien","Vogelherd","Vogelherd","vhc","Niederstotzingen-Stetten","Germany",48.559,10.194,"precise","nespos.org","HL/KS","C14","35810±710 - 25900±260",NA,NA,NA,"2008","bone","tube/flute",27,15,10,"fragmented","vv!","Very certain","vv"
"vhc0036","","Aurignacien","Vogelherd","Vogelherd","vhc","Niederstotzingen-Stetten","Germany",48.559,10.194,"precise","nespos.org","HL/KS","C14","35810±710 - 25900±260",NA,NA,NA,"2008","bone","undetermined",17,5,3,"fragmented","!vvvvvv!","Very certain","vvvvvv"
"vhc0033","","Aurignacien","Vogelherd","Vogelherd","vhc","Niederstotzingen-Stetten","Germany",48.559,10.194,"precise","nespos.org","HL/KS","C14","35810±710 - 25900±260",NA,NA,NA,"2009","ivory","possible figurine",14,6,4,"fragmented","!vv!","Uncertain","vv"
"vhc0032","","Aurignacien","Vogelherd","Vogelherd","vhc","Niederstotzingen-Stetten","Germany",48.559,10.194,"precise","nespos.org","HL/KS","C14","35810±710 - 25900±260",NA,NA,NA,"2009","bone","undetermined",17,4,2,"fragmented","!||||!","Very certain","||||"
"vhc0031","","Aurignacien","Vogelherd","Vogelherd","vhc","Niederstotzingen-Stetten","Germany",48.559,10.194,"precise","nespos.org","HL/KS","C14","35810±710 - 25900±260",NA,NA,NA,"2009","bone","undetermined",35,7,3,"fragmented","!vvvvvvv!","Very certain","vvvvvvv"
"vhc0030","","Aurignacien","Vogelherd","Vogelherd","vhc","Niederstotzingen-Stetten","Germany",48.559,10.194,"precise","nespos.org","HL/KS","C14","35810±710 - 25900±260",NA,NA,NA,"2008","bone","tube/flute",23,11,4,"fragmented","v v v vv! _ v v v vv!","Very certain","v v v vv _ v v v vv"
"vhc0029","","Aurignacien","Vogelherd","Vogelherd","vhc","Niederstotzingen-Stetten","Germany",48.559,10.194,"precise","nespos.org","HL/KS","C14","35810±710 - 25900±260",NA,NA,NA,"2008","ivory","rod/bâton",23,10,3,"fragmented","!| |||| | | ||||! _ v vvv!","Uncertain","| |||| | | |||| _ v vvv"
"vhc0170","","Aurignacien","Vogelherd","Vogelherd","vhc","Niederstotzingen-Stetten","Germany",48.559,10.194,"precise","nespos.org","HL/KS","C14","35810±710 - 25900±260",NA,NA,NA,"2008","ivory","possible figurine",19,9,2,"fragmented","!XXXXXXXX! _ |","Certain","XXXXXXXX _ |"
"vhc0027","","Aurignacien","Vogelherd","Vogelherd","vhc","Niederstotzingen-Stetten","Germany",48.559,10.194,"precise","nespos.org","HL/KS","C14","35810±710 - 25900±260",NA,NA,NA,"2008","ivory","personal ornament",33,10,3,"fragmented","!//","Very certain","//"
"vhc0026","","Aurignacien","Vogelherd","Vogelherd","vhc","Niederstotzingen-Stetten","Germany",48.559,10.194,"precise","nespos.org","HL/KS","C14","35810±710 - 25900±260",NA,NA,NA,"2008","ivory","possible figurine",28,17,4,"fragmented","|||||! _ vvvvv!","Certain","||||| _ vvvvv"
"vhc0025","","Aurignacien","Vogelherd","Vogelherd","vhc","Niederstotzingen-Stetten","Germany",48.559,10.194,"precise","nespos.org","HL/KS","C14","35810±710 - 25900±260",NA,NA,NA,"2008","ivory","undetermined",12,6,2,"fragmented","/XX!","Certain","/XX"
"vhc0024","","Aurignacien","Vogelherd","Vogelherd","vhc","Niederstotzingen-Stetten","Germany",48.559,10.194,"precise","nespos.org","HL/KS","C14","35810±710 - 25900±260",NA,NA,NA,"2008","ivory","figurine undet.",24,10,6,"fragmented","!XXXXX!","Certain","XXXXX"
"vhc0023","","Aurignacien","Vogelherd","Vogelherd","vhc","Niederstotzingen-Stetten","Germany",48.559,10.194,"precise","nespos.org","HL/KS","C14","35810±710 - 25900±260",NA,NA,NA,"2008","bone","undetermined",23,11,5,"fragmented","vv v! _v!","Certain","vv v _v"
"vhc0021","","Aurignacien","Vogelherd","Vogelherd","vhc","Niederstotzingen-Stetten","Germany",48.559,10.194,"precise","nespos.org","HL/KS","C14","35810±710 - 25900±260",NA,NA,NA,"2008","bone","undetermined",13,5,2,"fragmented","!vvv!","Very certain","vvv"
"vhc0020","","Aurignacien","Vogelherd","Vogelherd","vhc","Niederstotzingen-Stetten","Germany",48.559,10.194,"precise","nespos.org","HL/KS","C14","35810±710 - 25900±260",NA,NA,NA,"2008","ivory","personal ornament",28,10,3,"fragmented","/ / / / //!","Very certain","/ / / / //"
"vhc0019","","Aurignacien","Vogelherd","Vogelherd","vhc","Niederstotzingen-Stetten","Germany",48.559,10.194,"precise","nespos.org","HL/KS","C14","35810±710 - 25900±260",NA,NA,NA,"2008","ivory","possible figurine",24,12,6,"fragmented","!//! _!vvvv!","Certain","// _vvvv"
"vhc0018","","Aurignacien","Vogelherd","Vogelherd","vhc","Niederstotzingen-Stetten","Germany",48.559,10.194,"precise","nespos.org","HL/KS","C14","35810±710 - 25900±260",NA,NA,NA,"2008","antler","undetermined",14,9,4,"fragmented","!vvvvv!","Very certain","vvvvv"
"vhc0017","","Aurignacien","Vogelherd","Vogelherd","vhc","Niederstotzingen-Stetten","Germany",48.559,10.194,"precise","nespos.org","HL/KS","C14","35810±710 - 25900±260",NA,NA,NA,"2012","bone","spatula/lissoir",81,20,8,"almost complete","XXXXXXXX/ _ XXXX!","Certain","XXXXXXXX/ _ XXXX"
"vhc0016","","Aurignacien","Vogelherd","Vogelherd","vhc","Niederstotzingen-Stetten","Germany",48.559,10.194,"precise","nespos.org","HL/KS","C14","35810±710 - 25900±260",NA,NA,NA,"2012","ivory","figurine undet.",23,12,2,"fragmented","!XXXXX! _ !XXXX!","Very certain","XXXXX _ XXXX"
"vhc0015","","Aurignacien","Vogelherd","Vogelherd","vhc","Niederstotzingen-Stetten","Germany",48.559,10.194,"precise","nespos.org","HL/KS","C14","35810±710 - 25900±260",NA,NA,NA,"2012","bone","possible figurine",12,6,2,"fragmented","!X|! _ !¤¤¤¤¤¤¤!","Very certain","X| _ ¤¤¤¤¤¤¤"
"vhc0014","","Aurignacien","Vogelherd","Vogelherd","vhc","Niederstotzingen-Stetten","Germany",48.559,10.194,"precise","nespos.org","HL/KS","C14","35810±710 - 25900±260",NA,NA,NA,"2012","ivory","undetermined",20,13,5,"fragmented","!||!","Very certain","||"
"vhc0013","","Aurignacien","Vogelherd","Vogelherd","vhc","Niederstotzingen-Stetten","Germany",48.559,10.194,"precise","nespos.org","HL/KS","C14","35810±710 - 25900±260",NA,NA,NA,"2012","bone","undetermined",15,5,2,"fragmented","!v vvv!","Certain","v vvv"
"vhc0012","","Aurignacien","Vogelherd","Vogelherd","vhc","Niederstotzingen-Stetten","Germany",48.559,10.194,"precise","nespos.org","HL/KS","C14","35810±710 - 25900±260",NA,NA,NA,"2012","ivory","undetermined",12,7,3,"fragmented","!///!","Certain","///"
"vhc0011","","Aurignacien","Vogelherd","Vogelherd","vhc","Niederstotzingen-Stetten","Germany",48.559,10.194,"precise","nespos.org","HL/KS","C14","35810±710 - 25900±260",NA,NA,NA,"2012","ivory","possible figurine",12,8,4,"fragmented","!XX!","Very certain","XX"
"vhc0010","","Aurignacien","Vogelherd","Vogelherd","vhc","Niederstotzingen-Stetten","Germany",48.559,10.194,"precise","nespos.org","HL/KS","C14","35810±710 - 25900±260",NA,NA,NA,"2012","bone","tube/flute",14,4,2,"fragmented","!vvvvvvvv!","Very certain","vvvvvvvv"
"vhc0009","","Aurignacien","Vogelherd","Vogelherd","vhc","Niederstotzingen-Stetten","Germany",48.559,10.194,"precise","nespos.org","HL/KS","C14","35810±710 - 25900±260",NA,NA,NA,"2012","ivory","possible figurine",11,8,2,"fragmented","!v! _ !v!","Uncertain","v _ v"
"vhc0008","","Aurignacien","Vogelherd","Vogelherd","vhc","Niederstotzingen-Stetten","Germany",48.559,10.194,"precise","nespos.org","HL/KS","C14","35810±710 - 25900±260",NA,NA,NA,"2012","ivory","rod/bâton",24,14,6,"fragmented","!& _ X","Uncertain","& _ X"
"vhc0007","","Aurignacien","Vogelherd","Vogelherd","vhc","Niederstotzingen-Stetten","Germany",48.559,10.194,"precise","nespos.org","HL/KS","C14","35810±710 - 25900±260",NA,NA,NA,"2012","bone","tube/flute",24,6,3,"fragmented","!v v vv v v!","Certain","v v vv v v"
"vhc0006","","Aurignacien","Vogelherd","Vogelherd","vhc","Niederstotzingen-Stetten","Germany",48.559,10.194,"precise","nespos.org","HL/KS","C14","35810±710 - 25900±260",NA,NA,NA,"2012","ivory","possible flute",12,5,3,"fragmented","!vv!","Certain","vv"
"vhc0005","","Aurignacien","Vogelherd","Vogelherd","vhc","Niederstotzingen-Stetten","Germany",48.559,10.194,"precise","nespos.org","HL/KS","C14","35810±710 - 25900±260",NA,NA,NA,"2012","ivory","undetermined",15,7,3,"fragmented","⊞ _ !vvvvvv! _ !vvv!","Very certain","⊞ _ vvvvvv _ vvv"
"vhc0003","","Aurignacien","Vogelherd","Vogelherd","vhc","Niederstotzingen-Stetten","Germany",48.559,10.194,"precise","nespos.org","-","C14","35810±710 - 25900±260",NA,NA,NA,"1952","ivory","figurine zoomorph",30,20,12,"almost complete","⊞ _ (||/|/|//|||/||/||| |) _ ⊞ _ || _  ⊞ _ | | | _ |||","Certain","⊞ _ ⊞ _ || _  ⊞ _ | | | _ |||"
"vhc0002","","Aurignacien","Vogelherd","Vogelherd","vhc","Niederstotzingen-Stetten","Germany",48.559,10.194,"precise","nespos.org","HL/KS","C14","35810±710 - 25900±260",NA,NA,NA,"2006","ivory","possible figurine",NA,NA,NA,"fragmented","°°°°°! _ vvvvvvv!","Certain","°°°°° _ vvvvvvv"
"vhc0001","","Aurignacien","Vogelherd","Vogelherd","vhc","Niederstotzingen-Stetten","Germany",48.559,10.194,"precise","nespos.org","HL/KS","C14","35810±710 - 25900±260",NA,NA,NA,"2010","ivory","rod/bâton",28,12,6,"fragmented","XXXXX!","Very certain","XXXXX"
"hss0002","","Aurignacien","Hohlenstein-Stadel","Hohlenstein-Stadel","hss","Asselfingen","Germany",48.549555,10.172655,"precise","nespos.org","Au","AMS","35185±270",NA,NA,NA,"2011","animal tooth","personal ornament",29,16,12,"complete","vvvv _ ||||","Very certain","vvvv _ ||||"
"hss0001","","Aurignacien","Hohlenstein-Stadel","Hohlenstein-Stadel","hss","Asselfingen","Germany",48.549555,10.172655,"precise","nespos.org","Au","AMS","35185±270",NA,NA,NA,"1939/1969","ivory","figurine anthropomorph",311,NA,NA,"almost complete","||||||| _ ≠ _ vvv _ v","Certain","||||||| _ ≠ _ vvv _ v"
"hfc0047","","Aurignacien","Hohle Fels","Hohle Fels","hfc","Schelklingen","Germany",48.379117,9.754103,"precise","wikipedia","Vb","AMS","40000±500 - 31290±180",NA,NA,NA,"2008","ivory","possible flute",21,8,3,"fragmented","| | || | >","Certain","| | || | >"
"hfc0046","","Aurignacien","Hohle Fels","Hohle Fels","hfc","Schelklingen","Germany",48.379117,9.754103,"precise","wikipedia","Va","AMS","34570±260 - 31750±260",NA,NA,NA,"2008","ivory","personal ornament",61,5,3,"fragmented","!|||||||||||||||! _ !vvvvvvvvvvvvvvvvvvvvvvvvvvvvvvvv! _ !vvvvvvvvvvvvvvvvvvvv!","Very certain","||||||||||||||| _ vvvvvvvvvvvvvvvvvvvvvvvvvvvvvvvv _ vvvvvvvvvvvvvvvvvvvv"
"hfc0045","","Aurignacien","Hohle Fels","Hohle Fels","hfc","Schelklingen","Germany",48.379117,9.754103,"precise","wikipedia","Va","AMS","34570±260 - 31750±260",NA,NA,NA,"2008","ivory","flute",12,4,2,"fragmented","!vv","Very certain","vv"
"hfc0044","","Aurignacien","Hohle Fels","Hohle Fels","hfc","Schelklingen","Germany",48.379117,9.754103,"precise","wikipedia","Va","AMS","34570±260 - 31750±260",NA,NA,NA,"2008","ivory","personal ornament",40,6,3,"fragmented","!||||||||||||||||||| _ !vvvvvvvvvvvvvv _ !vvvvvvvvvvvvvvvvvvv","Very certain","||||||||||||||||||| _ vvvvvvvvvvvvvv _ vvvvvvvvvvvvvvvvvvv"
"hfc0043","","Aurignacien","Hohle Fels","Hohle Fels","hfc","Schelklingen","Germany",48.379117,9.754103,"precise","wikipedia","IV","AMS","33090+260/-250 - 28750±750",NA,NA,NA,"1977","ivory","undetermined",29,12,5,"fragmented","≠ v _ ||v|V _ >>","Uncertain","≠ v _ ||v|V _ >>"
"hfc0042","","Aurignacien","Hohle Fels","Hohle Fels","hfc","Schelklingen","Germany",48.379117,9.754103,"precise","wikipedia","IV","AMS","33090+260/-250 - 28750±750",NA,NA,NA,"2002","ivory","rod/bâton",41,10,5,"fragmented","X || _ | _ | || |","Certain","X || _ | _ | || |"
"hfc0041","","Aurignacien","Hohle Fels","Hohle Fels","hfc","Schelklingen","Germany",48.379117,9.754103,"precise","wikipedia","Vb","AMS","40000±500 - 31290±180",NA,NA,NA,"2006","ivory","personal ornament",23,7,6,"almost complete","OO","Very certain","OO"
"hfc0040","","Aurignacien","Hohle Fels","Hohle Fels","hfc","Schelklingen","Germany",48.379117,9.754103,"precise","wikipedia","IIIa-V","AMS","40000+500 - 29710+210/-200",NA,NA,NA,"2004","ivory","undetermined",23,7,3,"fragmented","!|l||","Uncertain","|l||"
"hfc0039","","Aurignacien","Hohle Fels","Hohle Fels","hfc","Schelklingen","Germany",48.379117,9.754103,"precise","wikipedia","IIIb","AMS","29990+340/-330 - 29780+330/-310",NA,NA,NA,"2004","ivory","undetermined",28,5,2,"fragmented","!||||||||||!","Certain","||||||||||"
"hfc0035","","Aurignacien","Hohle Fels","Hohle Fels","hfc","Schelklingen","Germany",48.379117,9.754103,"precise","wikipedia","IV","AMS","33090+260/-250 - 28750±750",NA,NA,NA,"2001/2002","ivory","figurine zoomorph",48,13,9,"almost complete","≠ _ ≠","Uncertain","≠ _ ≠"
"hfc0033","","Aurignacien","Hohle Fels","Hohle Fels","hfc","Schelklingen","Germany",48.379117,9.754103,"precise","wikipedia","Vb","AMS","40000±500 - 31290±180",NA,NA,NA,"2005","ivory","undetermined",18,6,3,"fragmented","!|XX |X X!","Uncertain","|XX |X X"
"hfc0032","","Aurignacien","Hohle Fels","Hohle Fels","hfc","Schelklingen","Germany",48.379117,9.754103,"precise","wikipedia","IIIb","AMS","29990+340/-330 - 29780+330/-310",NA,NA,NA,"2002","ivory","undetermined",15,6,4,"fragmented","!\\\\ \\\\\ _ !\ \\\ /","Uncertain","\\\\ \\\\\ _ \ \\\ /"
"hfc0031","","Aurignacien","Hohle Fels","Hohle Fels","hfc","Schelklingen","Germany",48.379117,9.754103,"precise","wikipedia","IV","AMS","33090+260/-250 - 28750±750",NA,NA,NA,"2002","ivory","rod/bâton",49,17,5,"fragmented","|||","Very certain","|||"
"hfc0029","","Aurignacien","Hohle Fels","Hohle Fels","hfc","Schelklingen","Germany",48.379117,9.754103,"precise","wikipedia","IIIb","AMS","29990+340/-330 - 29780+330/-310",NA,NA,NA,"2007","ivory","rod/bâton",71,10,5,"fragmented","W W","Uncertain","W W"
"hfc0027","","Aurignacien","Hohle Fels","Hohle Fels","hfc","Schelklingen","Germany",48.379117,9.754103,"precise","wikipedia","Iid","AMS","30010±220 - 29560+240/-230",NA,NA,NA,"1999","ivory","figurine zoomorph",36,16,10,"fragmented","|||||||! _ ||||||! _ ||||||||||! _ vv! _ ///!","","||||||| _ |||||| _ |||||||||| _ vv _ ///"
"hfc0026","","Aurignacien","Hohle Fels","Hohle Fels","hfc","Schelklingen","Germany",48.379117,9.754103,"precise","wikipedia","Iid","AMS","30010±220 - 29560+240/-230",NA,NA,NA,"20047","ivory","figurine zoomorph",21,16,8,"fragmented","!|||! _ !≠! _ |","","||| _ ≠ _ |"
"hfc0025","","Aurignacien","Hohle Fels","Hohle Fels","hfc","Schelklingen","Germany",48.379117,9.754103,"precise","wikipedia","IV","AMS","33090+260/-250 - 28750±750",NA,NA,NA,"2001","bone","awl",30,5,2,"fragmented","!v v v vv! _ v v v _ (//|) _ !v v vv vv vv vv _ ≠! _ vvv _ !vvvvvvv","Certain","v v v vv _ v v v _ v v vv vv vv vv _ ≠ _ vvv _ vvvvvvv"
"hfc0024","","Aurignacien","Hohle Fels","Hohle Fels","hfc","Schelklingen","Germany",48.379117,9.754103,"precise","wikipedia","IV","AMS","33090+260/-250 - 28750±750",NA,NA,NA,"2002","ivory","figurine anthropomorph",26,7,5,"fragmented","v _ v","Very certain","v _ v"
"hfc0021","","Aurignacien","Hohle Fels","Hohle Fels","hfc","Schelklingen","Germany",48.379117,9.754103,"precise","wikipedia","Vaa","AMS","34570±260 - 31750±260",NA,NA,NA,"2016","ivory","personal ornament",27,7,5,"almost complete","OO","Very certain","OO"
"hfc0020","","Aurignacien","Hohle Fels","Hohle Fels","hfc","Schelklingen","Germany",48.379117,9.754103,"precise","wikipedia","IIIa","AMS","31140+250/-240 - 29710+210/-200",NA,NA,NA,"2015","ivory","undetermined",12,7,2,"fragmented","!XX!","Certain","XX"
"hfc0018","","Aurignacien","Hohle Fels","Hohle Fels","hfc","Schelklingen","Germany",48.379117,9.754103,"precise","wikipedia","Vaa","AMS","34570±260 - 31750±260",NA,NA,NA,"2016","ivory","figurine anthropomorph",33,12,7,"fragmented","|||||||||||| _ ||||| _ !|||||||","Certain","|||||||||||| _ ||||| _ |||||||"
"hfc0015","","Aurignacien","Hohle Fels","Hohle Fels","hfc","Schelklingen","Germany",48.379117,9.754103,"precise","wikipedia","Vb","AMS","40000±500 - 31290±180",NA,NA,NA,"2008","ivory","figurine anthropomorph",60,34,31,"almost complete","|||||||||| _ ¤¤¤¤¤¤¤¤¤¤¤¤¤ _ Y/\\\\VV\\[°°°° °°] _ [|||| _ ||||||] _ vvvvvvvv! _ C _ |||| _ /// _ [CCCC] _ ||| _ ||| _ v","Very certain","|||||||||| _ ¤¤¤¤¤¤¤¤¤¤¤¤¤ _ Y/\\\\VV\\ _ vvvvvvvv _ C _ |||| _ /// _ ||| _ ||| _ v"
"hfc0013","","Aurignacien","Hohle Fels","Hohle Fels","hfc","Schelklingen","Germany",48.379117,9.754103,"precise","wikipedia","IV","AMS","33090+260/-250 - 28750±750",NA,NA,NA,"2006","ivory","undetermined",102,41,14,"fragmented","!≠ ≠ ≠?!","Certain","≠ ≠ ≠"
"hfc0012","","Aurignacien","Hohle Fels","Hohle Fels","hfc","Schelklingen","Germany",48.379117,9.754103,"precise","wikipedia","Vab","AMS","34570±260 - 31750±260",NA,NA,NA,"2014","ivory","personal ornament",23,5,4,"complete","OO","Very certain","OO"
"hfc0011","","Aurignacien","Hohle Fels","Hohle Fels","hfc","Schelklingen","Germany",48.379117,9.754103,"precise","wikipedia","Vab","AMS","34570±260 - 31750±260",NA,NA,NA,"2014","ivory","personal ornament",50,16,14,"complete","|| |||","Certain","|| |||"
"hfc0010","","Aurignacien","Hohle Fels","Hohle Fels","hfc","Schelklingen","Germany",48.379117,9.754103,"precise","wikipedia","Vab","AMS","34570±260 - 31750±260",NA,NA,NA,"2014","ivory","personal ornament",27,6,5,"complete","OO","Very certain","OO"
"hfc0009","","Aurignacien","Hohle Fels","Hohle Fels","hfc","Schelklingen","Germany",48.379117,9.754103,"precise","wikipedia","Vaa","AMS","34570±260 - 31750±260",NA,NA,NA,"2014","bone","undetermined",87,21,7,"almost complete","l llXl ll| |  XX| |  ≠≠≠ ≠≠ llll _ | | | | | | | | | | l _ (–ll) ll ll ll ll","Uncertain","l llXl ll| |  XX| |  ≠≠≠ ≠≠ llll _ | | | | | | | | | | l _  ll ll ll ll"
"hfc0008","","Aurignacien","Hohle Fels","Hohle Fels","hfc","Schelklingen","Germany",48.379117,9.754103,"precise","wikipedia","IV","AMS","33090+260/-250 - 28750±750",NA,NA,NA,"2009","bone","spatula/lissoir",49,7,6,"fragmented","!vvvvvvvvvvvv!","Very certain","vvvvvvvvvvvv"
"hfc0007","","Aurignacien","Hohle Fels","Hohle Fels","hfc","Schelklingen","Germany",48.379117,9.754103,"precise","wikipedia","Vab","AMS","34570±260 - 31750±260",NA,NA,NA,"2014","bone","tube/flute",23,6,3,"fragmented","!vvvvv!","Very certain","vvvvv"
"hfc0006","","Aurignacien","Hohle Fels","Hohle Fels","hfc","Schelklingen","Germany",48.379117,9.754103,"precise","wikipedia","IIda","AMS","30010±220 - 29560+240/-230",NA,NA,NA,"2010","bone","undetermined",128,27,10,"almost complete","||| X V\\ / \\/ \\ ≠ _ °°°°°°°","Very certain","||| X V\\ / \\/ \\ ≠ _ °°°°°°°"
"hfc0005","","Aurignacien","Hohle Fels","Hohle Fels","hfc","Schelklingen","Germany",48.379117,9.754103,"precise","wikipedia","Vab","AMS","34570±260 - 31750±260",NA,NA,NA,"2014","ivory","figurine anthropomorph",25,21,12,"fragmented","vvvvv _ >> _ ||||CC _ !¤¤¤¤¤¤¤¤¤¤¤¤ _ !||||","Certain","vvvvv _ >> _ ||||CC _ ¤¤¤¤¤¤¤¤¤¤¤¤ _ ||||"
"hfc0004","","Aurignacien","Hohle Fels","Hohle Fels","hfc","Schelklingen","Germany",48.379117,9.754103,"precise","wikipedia","Va","AMS","34570±260 - 31750±260",NA,NA,NA,"2007","ivory","rod/bâton",89,15,7,"fragmented","X(X\)!XX(XX)! _ || _ v _ v","Certain","XXX _ || _ v _ v"
"hfc0003","","Aurignacien","Hohle Fels","Hohle Fels","hfc","Schelklingen","Germany",48.379117,9.754103,"precise","wikipedia","Va","AMS","34570±260 - 31750±260",NA,NA,NA,"2014","ivory","possible figurine",9,6,3,"fragmented","[°°°°°°°°°°] _ | _ |","Uncertain","| _ |"
"hfc0001","","Aurignacien","Hohle Fels","Hohle Fels","hfc","Schelklingen","Germany",48.379117,9.754103,"precise","wikipedia","IIIb","AMS","29990+340/-330 - 29780+330/-310",NA,NA,NA,"2002","ivory","personal ornament",61,7,3,"fragmented","v vvv v v _ vvv! v","Very certain","v vvv v v _ vvv v"
"gkl0030","","Aurignacien","Geissenklösterle","Geissenklösterle","gkl","Blaubeuren-Weiler","Germany",48.398333,9.772222,"precise","wikipedia","III","C14","38900±1000 - 30100±550",NA,NA,NA,"1983","bone","undetermined",6,3,1,"fragmented","!||!","Certain","||"
"gkl0029","","Aurignacien","Geissenklösterle","Geissenklösterle","gkl","Blaubeuren-Weiler","Germany",48.398333,9.772222,"precise","wikipedia","II","C14","35700±700 - 30625±796",NA,NA,NA,"1983","ivory","possible flute",26,10,5,"fragmented","!vvvvvvvvvvv","Certain","vvvvvvvvvvv"
"gkl0028","","Aurignacien","Geissenklösterle","Geissenklösterle","gkl","Blaubeuren-Weiler","Germany",48.398333,9.772222,"precise","wikipedia","II","C14","35700±700 - 30625±796",NA,NA,NA,"1979","antler","antler object",42,25,18,"complete","|||| _ –XXXX _ ¤¤¤¤¤¤¤¤¤ _ vvvvvvvvvvvvv _ ////////////","Very certain","|||| _ –XXXX _ ¤¤¤¤¤¤¤¤¤ _ vvvvvvvvvvvvv _ ////////////"
"gkl0026","","Aurignacien","Geissenklösterle","Geissenklösterle","gkl","Blaubeuren-Weiler","Germany",48.398333,9.772222,"precise","wikipedia","II","C14","35700±700 - 30625±796",NA,NA,NA,"1983","ivory","figurine zoomorph",25,14,6,"fragmented","| ||||| | _ | | | || || | | | | |","Very certain","| ||||| | _ | | | || || | | | | |"
"gkl0025","","Aurignacien","Geissenklösterle","Geissenklösterle","gkl","Blaubeuren-Weiler","Germany",48.398333,9.772222,"precise","wikipedia","II","C14","35700±700 - 30625±796",NA,NA,NA,"1979","ivory","plaquette",38,14,5,"almost complete","vvvvvvvvvvvvv _ vvvvvvvvvvvvv _ vvvvvvv _ vvvvvv _ >>>>\\\  _ >>>! _  ^^^^ _ °°°°°°°°°°°°° _ °°°°°°°°°° _ °°°°°°°°°°°° _ °°°°°°°°°°°°°","Very certain","vvvvvvvvvvvvv _ vvvvvvvvvvvvv _ vvvvvvv _ vvvvvv _ >>>>\\\  _ >>> _  ^^^^ _ °°°°°°°°°°°°° _ °°°°°°°°°° _ °°°°°°°°°°°° _ °°°°°°°°°°°°°"
"gkl0024","","Aurignacien","Geissenklösterle","Geissenklösterle","gkl","Blaubeuren-Weiler","Germany",48.398333,9.772222,"precise","wikipedia","II","C14","35700±700 - 30625±796",NA,NA,NA,"1974","ivory","possible flute",5,3,2,"fragmented","!vvvv!","Very certain","vvvv"
"gkl0023","","Aurignacien","Geissenklösterle","Geissenklösterle","gkl","Blaubeuren-Weiler","Germany",48.398333,9.772222,"precise","wikipedia","III","C14","38900±1000 - 30100±550",NA,NA,NA,"1989","ivory","possible flute",47,3,2,"fragmented","!vvvvvvvvvvvvvvvvvvv!","Very certain","vvvvvvvvvvvvvvvvvvv"
"gkl0022","","Aurignacien","Geissenklösterle","Geissenklösterle","gkl","Blaubeuren-Weiler","Germany",48.398333,9.772222,"precise","wikipedia","III","C14","38900±1000 - 30100±550",NA,NA,NA,"1987","ivory","rod/bâton",11,3,4,"fragmented","!OOOOO!","Very certain","OOOOO"
"gkl0021","","Aurignacien","Geissenklösterle","Geissenklösterle","gkl","Blaubeuren-Weiler","Germany",48.398333,9.772222,"precise","wikipedia","II","C14","35700±700 - 30625±796",NA,NA,NA,"1974 2004","ivory","flute",187,12,11,"almost complete","vvvvvvvvvvvvvvvvvvvvvvvvvvvvvvvvvvvvvvvvvvvv! _ vvvvvvvvvvvvvvvvvvvvvvvvvvvvvvvvvvvvvvvvvvvvvvvvvvvvvvvvvvvvvvvvvvvv!","Very certain","vvvvvvvvvvvvvvvvvvvvvvvvvvvvvvvvvvvvvvvvvvvv _ vvvvvvvvvvvvvvvvvvvvvvvvvvvvvvvvvvvvvvvvvvvvvvvvvvvvvvvvvvvvvvvvvvvv"
"gkl0020","","Aurignacien","Geissenklösterle","Geissenklösterle","gkl","Blaubeuren-Weiler","Germany",48.398333,9.772222,"precise","wikipedia","II","C14","35700±700 - 30625±796",NA,NA,NA,"1974","ivory","possible flute",17,2,2,"fragmented","!vvvvv!","Very certain","vvvvv"
"gkl0019","","Aurignacien","Geissenklösterle","Geissenklösterle","gkl","Blaubeuren-Weiler","Germany",48.398333,9.772222,"precise","wikipedia","II","C14","35700±700 - 30625±796",NA,NA,NA,"1974","ivory","possible flute",24,6,2,"fragmented","!vvvvvvvv","Very certain","vvvvvvvv"
"gkl0018","","Aurignacien","Geissenklösterle","Geissenklösterle","gkl","Blaubeuren-Weiler","Germany",48.398333,9.772222,"precise","wikipedia","II","C14","35700±700 - 30625±796",NA,NA,NA,"1973","bone","tube/flute",30,8,4,"fragmented","!v v v vv vv! _ !v v vv!","Very certain","v v v vv vv _ v v vv"
"gkl0017","","Aurignacien","Geissenklösterle","Geissenklösterle","gkl","Blaubeuren-Weiler","Germany",48.398333,9.772222,"precise","wikipedia","II","C14","35700±700 - 30625±796",NA,NA,NA,"1973","bone","tube/flute",35,6,2,"fragmented","!v vv vv","Very certain","v vv vv"
"gkl0015","","Aurignacien","Geissenklösterle","Geissenklösterle","gkl","Blaubeuren-Weiler","Germany",48.398333,9.772222,"precise","wikipedia","II","C14","35700±700 - 30625±796",NA,NA,NA,"1973","bone","tube/flute",50,8,6,"fragmented","!vvvvvvvv! _ !vvvvvvvvv!","Very certain","vvvvvvvv _ vvvvvvvvv"
"gkl0014","","Aurignacien","Geissenklösterle","Geissenklösterle","gkl","Blaubeuren-Weiler","Germany",48.398333,9.772222,"precise","wikipedia","II","C14","35700±700 - 30625±796",NA,NA,NA,"","antler","personal ornament",132,5,4,"almost complete","v!vvvvv!vvvvvvvvvvvvvvvvvvvvvvvvvvvvvvvvvvv _ vvvvv!vvvvvvvvvvvvvvvvvvvvvvvvvvvvvvvv","Very certain","vvvvvvvvvvvvvvvvvvvvvvvvvvvvvvvvvvvvvvvvv _ vvvvvvvvvvvvvvvvvvvvvvvvvvvvvvvvvvvvv"
"gkl0013","","Aurignacien","Geissenklösterle","Geissenklösterle","gkl","Blaubeuren-Weiler","Germany",48.398333,9.772222,"precise","wikipedia","II","C14","35700±700 - 30625±796",NA,NA,NA,"1974","ivory","possible flute",25,8,3,"fragmented","!vvvvvvvv","Certain","vvvvvvvv"
"gkl0012","","Aurignacien","Geissenklösterle","Geissenklösterle","gkl","Blaubeuren-Weiler","Germany",48.398333,9.772222,"precise","wikipedia","II","C14","35700±700 - 30625±796",NA,NA,NA,"1975","ivory","figurine zoomorph",67,38,3,"fragmented","||||| _ ¤¤¤¤¤¤¤¤¤¤¤¤¤¤¤ _ ///// _ ||||| _ ¤¤¤¤¤¤¤ _ ||| |||| _ || _ | | || | | | _ lllll | | _ ////! _ ///! ¤¤¤¤!","Certain","||||| _ ¤¤¤¤¤¤¤¤¤¤¤¤¤¤¤ _ ///// _ ||||| _ ¤¤¤¤¤¤¤ _ ||| |||| _ || _ | | || | | | _ lllll | | _ //// _ /// ¤¤¤¤"
"gkl0011","","Aurignacien","Geissenklösterle","Geissenklösterle","gkl","Blaubeuren-Weiler","Germany",48.398333,9.772222,"precise","wikipedia","II","C14","35700±700 - 30625±796",NA,NA,NA,"1977","ivory","figurine zoomorph",50,21,19,"fragmented","||||||| _ ¤¤¤¤¤¤¤¤¤! _ !// _ ¤¤¤¤¤¤¤¤¤! _ |||! _ V","Certain","||||||| _ ¤¤¤¤¤¤¤¤¤ _ // _ ¤¤¤¤¤¤¤¤¤ _ ||| _ V"
"gkl0010","","Aurignacien","Geissenklösterle","Geissenklösterle","gkl","Blaubeuren-Weiler","Germany",48.398333,9.772222,"precise","wikipedia","II","C14","35700±700 - 30625±796",NA,NA,NA,"1974","ivory","possible flute",12,7,2,"fragmented","!vvvvvv","Certain","vvvvvv"
"gkl0009","","Aurignacien","Geissenklösterle","Geissenklösterle","gkl","Blaubeuren-Weiler","Germany",48.398333,9.772222,"precise","wikipedia","II","C14","35700±700 - 30625±796",NA,NA,NA,"1974","ivory","undetermined",18,3,2,"fragmented","!vvvv","Certain","vvvv"
"gkl0008","","Aurignacien","Geissenklösterle","Geissenklösterle","gkl","Blaubeuren-Weiler","Germany",48.398333,9.772222,"precise","wikipedia","II","C14","35700±700 - 30625±796",NA,NA,NA,"1974","ivory","possible flute",20,3,2,"fragmented","!vvvvvvvv!","Very certain","vvvvvvvv"
"gkl0007","","Aurignacien","Geissenklösterle","Geissenklösterle","gkl","Blaubeuren-Weiler","Germany",48.398333,9.772222,"precise","wikipedia","II","C14","35700±700 - 30625±796",NA,NA,NA,"1990","ivory","possible flute",20,8,3,"fragmented","!vvvvvv!","Certain","vvvvvv"
"gkl0006","","Aurignacien","Geissenklösterle","Geissenklösterle","gkl","Blaubeuren-Weiler","Germany",48.398333,9.772222,"precise","wikipedia","II","C14","35700±700 - 30625±796",NA,NA,NA,"","ivory","personal ornament",42,5,3,"fragmented","||||","Very certain","||||"
"gkl0005","","Aurignacien","Geissenklösterle","Geissenklösterle","gkl","Blaubeuren-Weiler","Germany",48.398333,9.772222,"precise","wikipedia","II","C14","35700±700 - 30625±796",NA,NA,NA,"1991","ivory","undetermined",11,3,2,"fragmented","!|||!","Certain","|||"
"gkl0004","","Aurignacien","Geissenklösterle","Geissenklösterle","gkl","Blaubeuren-Weiler","Germany",48.398333,9.772222,"precise","wikipedia","II","C14","35700±700 - 30625±796",NA,NA,NA,"1975","bone","tube",76,13,9,"complete","vvvvvvvvvvvvvv","Very certain","vvvvvvvvvvvvvv"
"gkl0003","","Aurignacien","Geissenklösterle","Geissenklösterle","gkl","Blaubeuren-Weiler","Germany",48.398333,9.772222,"precise","wikipedia","II","C14","35700±700 - 30625±796",NA,NA,NA,"1973 1990","bone","flute",126,10,9,"almost complete","vvvv vvvv","Very certain","vvvv vvvv"
"gkl0002","","Aurignacien","Geissenklösterle","Geissenklösterle","gkl","Blaubeuren-Weiler","Germany",48.398333,9.772222,"precise","wikipedia","II","C14","35700±700 - 30625±796",NA,NA,NA,"1977","bone","tube/flute",21,6,2,"fragmented","!vvvvv!","Very certain","vvvvv"
"gkl0001","","Aurignacien","Geissenklösterle","Geissenklösterle","gkl","Blaubeuren-Weiler","Germany",48.398333,9.772222,"precise","wikipedia","II","C14","35700±700 - 30625±796",NA,NA,NA,"1976","ivory","undetermined",36,12,2,"fragmented","||| //////! _ V","Very certain","||| ////// _ V"
"bst0001","","Aurignacien","Bockstein-Törle","Bockstein-Törle","bst","Rammingen","Germany",48.553,10.155,"precise","nespos.org","VI","C14","31530±230 - 20400±220",NA,NA,NA,"1953-1956","slate","personal ornament",21,20,5,"almost complete","!vvvvvvvvvvvvvvvvvv!","Certain","vvvvvvvvvvvvvvvvvv"
