"object_id","site_name","date_bp_max_min","material","object_type","coding","coding_clean"
"gkl0001","Geissenklösterle","35700±700 - 30625±796","ivory","undetermined","||| /////! _ V","||| ///// _ V"
"gkl0002","Geissenklösterle","35700±700 - 30625±796","bone","tube/flute","!vvvvv!","vvvvv"
"gkl0003","Geissenklösterle","35700±700 - 30625±796","bone","flute","vvvv vvvv","vvvv vvvv"
"gkl0004","Geissenklösterle","35700±700 - 30625±796","bone","tube","vvvvvvvvvvvvvv","vvvvvvvvvvvvvv"
"gkl0005","Geissenklösterle","35700±700 - 30625±796","ivory","undetermined","!|||!","|||"
"gkl0006","Geissenklösterle","35700±700 - 30625±796","ivory","personal ornament","||||","||||"
"gkl0007","Geissenklösterle","35700±700 - 30625±796","ivory","possible flute","!vvvvvv!","vvvvvv"
"gkl0008","Geissenklösterle","35700±700 - 30625±796","ivory","possible flute","!vvvvvvvv!","vvvvvvvv"
"gkl0009","Geissenklösterle","35700±700 - 30625±796","ivory","undetermined","!vvvv","vvvv"
"gkl0010","Geissenklösterle","35700±700 - 30625±796","ivory","possible flute","!vvvvvv","vvvvvv"
"gkl0011","Geissenklösterle","35700±700 - 30625±796","ivory","figurine zoomorph","||||||| _ ¤¤¤¤¤¤¤¤¤! _ !// _ ¤¤¤¤¤¤¤¤¤! _ |||! _ V","||||||| _ ¤¤¤¤¤¤¤¤¤ _ // _ ¤¤¤¤¤¤¤¤¤ _ ||| _ V"
"gkl0012","Geissenklösterle","35700±700 - 30625±796","ivory","figurine zoomorph","||||| _ ¤¤¤¤¤¤¤¤¤¤¤¤¤¤¤ _ ///// _ ||||| _ ¤¤¤¤¤¤¤ _ ||| |||| _ || _ | | || | | | _ lllll | | _ ////! _ ///! ¤¤¤¤!","||||| _ ¤¤¤¤¤¤¤¤¤¤¤¤¤¤¤ _ ///// _ ||||| _ ¤¤¤¤¤¤¤ _ ||| |||| _ || _ | | || | | | _ lllll | | _ //// _ /// ¤¤¤¤"
"gkl0013","Geissenklösterle","35700±700 - 30625±796","ivory","possible flute","!vvvvvvvv","vvvvvvvv"
"gkl0014","Geissenklösterle","35700±700 - 30625±796","antler","personal ornament","v!vvvvv!vvvvvvvvvvvvvvvvvvvvvvvvvvvvvvvvvvv _ vvvvv!vvvvvvvvvvvvvvvvvvvvvvvvvvvvvvvv","vvvvvvvvvvvvvvvvvvvvvvvvvvvvvvvvvvvvvvvvv _ vvvvvvvvvvvvvvvvvvvvvvvvvvvvvvvvvvvvv"
"gkl0015","Geissenklösterle","35700±700 - 30625±796","bone","tube/flute","!vvvvvvvv! _ !vvvvvvvvv!","vvvvvvvv _ vvvvvvvvv"
"gkl0016","Geissenklösterle","35700±700 - 30625±796","bone","flute","v","v"
"gkl0017","Geissenklösterle","35700±700 - 30625±796","bone","tube/flute","!v vv vv","v vv vv"
"gkl0018","Geissenklösterle","35700±700 - 30625±796","bone","tube/flute","!v v v vv vv! _ !v v vv!","v v v vv vv _ v v vv"
"gkl0019","Geissenklösterle","35700±700 - 30625±796","ivory","possible flute","!vvvvvvvv","vvvvvvvv"
"gkl0020","Geissenklösterle","35700±700 - 30625±796","ivory","possible flute","!vvvvv!","vvvvv"
"gkl0021","Geissenklösterle","35700±700 - 30625±796","ivory","flute","Vvvvvvvvvvvvvvvvvvvvvvvvvvvvvvvvvvvvvvvvvvvv! _ vvvvvvvvvvvvvvvvvvvvvvvvvvvvvvvvvvvvvvvvvvvvvvvvvvvvvvvvvvvvvvvvvvvv!","Vvvvvvvvvvvvvvvvvvvvvvvvvvvvvvvvvvvvvvvvvvvv _ vvvvvvvvvvvvvvvvvvvvvvvvvvvvvvvvvvvvvvvvvvvvvvvvvvvvvvvvvvvvvvvvvvvv"
"gkl0022","Geissenklösterle","38900±1000 - 30100±550","ivory","rod/bâton","!OOOOO!","OOOOO"
"gkl0023","Geissenklösterle","38900±1000 - 30100±550","ivory","possible flute","!vvvvvvvvvvvvvvvvvvv!","vvvvvvvvvvvvvvvvvvv"
"gkl0024","Geissenklösterle","35700±700 - 30625±796","ivory","possible flute","!vvvv!","vvvv"
"gkl0025","Geissenklösterle","35700±700 - 30625±796","ivory","plaquette","Vvvvvvvvvvvvv _ vvvvvvvvvvvvv _ vvvvvvv _ vvvvvv _ >>>>\\\  _ >>>! _  ^^^^ _ °°°°°°°°°°°°° _ °°°°°°°°°° _ °°°°°°°°°°°° _ °°°°°°°°°°°°° ","Vvvvvvvvvvvvv _ vvvvvvvvvvvvv _ vvvvvvv _ vvvvvv _ >>>>\\\  _ >>> _  ^^^^ _ °°°°°°°°°°°°° _ °°°°°°°°°° _ °°°°°°°°°°°° _ °°°°°°°°°°°°° "
"gkl0026","Geissenklösterle","35700±700 - 30625±796","ivory","figurine zoomorph","| ||||| | _ | | | || || | | | | |","| ||||| | _ | | | || || | | | | |"
"gkl0027","Geissenklösterle","35700±700 - 30625±796","ivory","bâton percé","!vvvvvvvvvvvv!","vvvvvvvvvvvv"
"gkl0028","Geissenklösterle","35700±700 - 30625±796","antler","antler object","|||| _ –XXXX _ ¤¤¤¤¤¤¤¤¤ _ vvvvvvvvvvvvv _ ////////////","|||| _ –XXXX _ ¤¤¤¤¤¤¤¤¤ _ vvvvvvvvvvvvv _ ////////////"
"gkl0029","Geissenklösterle","35700±700 - 30625±796","ivory","possible flute","!vvvvvvvvvvv","vvvvvvvvvvv"
"gkl0030","Geissenklösterle","38900±1000 - 30100±550","bone","undetermined","!||!","||"
"hfc0001","Hohle Fels","29990+340/-330 - 29780+330/-310","ivory","personal ornament","v vvv v v _ vvv! v","v vvv v v _ vvv v"
"hfc0002","Hohle Fels","33090+260/-250 - 28750±750","ivory","undetermined","!¥!","¥"
"hfc0003","Hohle Fels","34570±260 - 31750±260","ivory","possible figurine","[°°°°°°°°°°] _ | _ |"," _ | _ |"
"hfc0004","Hohle Fels","34570±260 - 31750±260","ivory","rod/bâton","X(X\)!XX(XX)! _ || _ v _ v","XXX _ || _ v _ v"
"hfc0005","Hohle Fels","34570±260 - 31750±260","ivory","figurine anthropomorph","vvvvv _ >> _ ||||CC _ !¤¤¤¤¤¤¤¤¤¤¤¤ _ !|||| ","vvvvv _ >> _ ||||CC _ ¤¤¤¤¤¤¤¤¤¤¤¤ _ |||| "
"hfc0006","Hohle Fels","30010±220 - 29560+240/-230","bone","undetermined","||| X V\\ / \\/ \\ ¥ _ °°°°°°°","||| X V\\ / \\/ \\ ¥ _ °°°°°°°"
"hfc0007","Hohle Fels","34570±260 - 31750±260","bone","tube/flute","!vvvvv!","vvvvv"
"hfc0008","Hohle Fels","33090+260/-250 - 28750±750","bone","spatula/lissoir","!vvvvvvvvvvvv!","vvvvvvvvvvvv"
"hfc0009","Hohle Fels","34570±260 - 31750±260","bone","undetermined","l llXl ll| |  XX| |  ¥¥¥ ¥¥ llll _ | | | | | | | | | | l _ (–ll) ll ll ll ll","l llXl ll| |  XX| |  ¥¥¥ ¥¥ llll _ | | | | | | | | | | l _  ll ll ll ll"
"hfc0010","Hohle Fels","34570±260 - 31750±260","ivory","personal ornament","OO","OO"
"hfc0011","Hohle Fels","34570±260 - 31750±260","ivory","personal ornament","|| |||","|| |||"
"hfc0012","Hohle Fels","34570±260 - 31750±260","ivory","personal ornament","OO","OO"
"hfc0013","Hohle Fels","33090+260/-250 - 28750±750","ivory","undetermined","!¥ ¥ ¥?!","¥ ¥ ¥"
"hfc0014","Hohle Fels","33090+260/-250 - 28750±750","ivory","undetermined","!¥!","¥"
"hfc0015","Hohle Fels","40000±500 - 31290±180","ivory","figurine anthropomorph","|||||||||| _ ¤¤¤¤¤¤¤¤¤¤¤¤¤ _ Y/\\\\VV\\[°°°° °°] _ [|||| _ ||||||] _ vvvvvvvv! _ C _ |||| _ /// _ [CCCC] _ ||| _ ||| _ v","|||||||||| _ ¤¤¤¤¤¤¤¤¤¤¤¤¤ _ Y/\\\\VV\\ _  _ vvvvvvvv _ C _ |||| _ /// _  _ ||| _ ||| _ v"
"hfc0016","Hohle Fels","30010±220 - 29560+240/-230","ivory","undetermined","[¥ ¥ ||||]",""
"hfc0017","Hohle Fels","34570±260 - 31750±260","antler","spatula/lissoir","¥!","¥"
"hfc0018","Hohle Fels","34570±260 - 31750±260","ivory","figurine undet.","|||||||||||| _ ||||| _ !|||||||","|||||||||||| _ ||||| _ |||||||"
"hfc0019","Hohle Fels","34570±260 - 31750±260","ivory","personal ornament","!O","O"
"hfc0020","Hohle Fels","31140+250/-240 - 29710+210/-200","ivory","undetermined","!XX!","XX"
"hfc0021","Hohle Fels","34570±260 - 31750±260","ivory","personal ornament","OO","OO"
"hfc0022","Hohle Fels","29990+340/-330 - 29780+330/-310","ivory","undetermined","!¥!","¥"
"hfc0023","Hohle Fels","30010±220 - 29560+240/-230","bone","undetermined","!¥!","¥"
"hfc0024","Hohle Fels","33090+260/-250 - 28750±750","ivory","figurine anthropomorph","V _ v","V _ v"
"hfc0025","Hohle Fels","33090+260/-250 - 28750±750","bone","awl","!v v v vv! _ v v v _ (//|) _ !v v vv vv vv vv _ ¥! _ vvv _ !vvvvvvv","v v v vv _ v v v _  _ v v vv vv vv vv _ ¥ _ vvv _ vvvvvvv"
"hfc0026","Hohle Fels","30010±220 - 29560+240/-230","ivory","figurine zoomorph","!|||! _ !¥! _ |","||| _ ¥ _ |"
"hfc0027","Hohle Fels","30010±220 - 29560+240/-230","ivory","figurine zoomorph","|||||||! _ ||||||! _ ||||||||||! _ vv! _ ///!","||||||| _ |||||| _ |||||||||| _ vv _ ///"
"hfc0029","Hohle Fels","29990+340/-330 - 29780+330/-310","ivory","rod/bâton","W W","W W"
"hfc0030","Hohle Fels","30640±190","ivory","point","!$","$"
"hfc0031","Hohle Fels","33090+260/-250 - 28750±750","ivory","rod/bâton","|| |","|| |"
"hfc0032","Hohle Fels","29990+340/-330 - 29780+330/-310","ivory","undetermined","!\\\\ \\\\\ _ !\ \\\ /","\\\\ \\\\\ _ \ \\\ /"
"hfc0033","Hohle Fels","40000±500 - 31290±180","ivory","undetermined","!|XX |X X!","|XX |X X"
"hfc0034","Hohle Fels","31140+250/-240 - 29710+210/-200","ivory","undetermined","!¥!","¥"
"hfc0035","Hohle Fels","33090+260/-250 - 28750±750","ivory","figurine zoomorph","¥ _ ¥","¥ _ ¥"
"hfc0036","Hohle Fels","30010±220 - 29560+240/-230","ivory","undetermined","!¥!","¥"
"hfc0037","Hohle Fels","34570±260 - 31750±260","ivory","awl","¥","¥"
"hfc0038","Hohle Fels","31140+250/-240 - 29710+210/-200","ochre","undetermined","[|°°|]",""
"hfc0039","Hohle Fels","29990+340/-330 - 29780+330/-310","ivory","undetermined","!||||||||||!","||||||||||"
"hfc0040","Hohle Fels","40000+500 - 29710+210/-200","ivory","undetermined","!||||","||||"
"hfc0041","Hohle Fels","40000±500 - 31290±180","ivory","personal ornament","OO","OO"
"hfc0042","Hohle Fels","33090+260/-250 - 28750±750","ivory","rod/bâton","X || _ | _ | || |","X || _ | _ | || |"
"hfc0043","Hohle Fels","33090+260/-250 - 28750±750","ivory","undetermined","¥ v _ vvvvV _ >> ","¥ v _ vvvvV _ >> "
"hfc0044","Hohle Fels","34570±260 - 31750±260","ivory","personal ornament","!||||||||||||||||||| _ !vvvvvvvvvvvvvv _ !vvvvvvvvvvvvvvvvvvv","||||||||||||||||||| _ vvvvvvvvvvvvvv _ vvvvvvvvvvvvvvvvvvv"
"hfc0045","Hohle Fels","34570±260 - 31750±260","ivory","possible flute","!vv","vv"
"hfc0046","Hohle Fels","34570±260 - 31750±260","ivory","personal ornament","!|||||||||||||||! _ !vvvvvvvvvvvvvvvvvvvvvvvvvvvvvvvv! _ !vvvvvvvvvvvvvvvvvvvv!","||||||||||||||| _ vvvvvvvvvvvvvvvvvvvvvvvvvvvvvvvv _ vvvvvvvvvvvvvvvvvvvv"
"hfc0047","Hohle Fels","40000±500 - 31290±180","ivory","possible flute","| | || | >","| | || | >"
"hfc0048","Hohle Fels","33090+260/-250 - 28750±750","ivory","rod/bâton","[X//]!",""
"hfc0049","Hohle Fels","33090+260/-250 - 28750±750","ivory","undetermined","!¥!","¥"
"hfc0050","Hohle Fels","33090+260/-250 - 28750±750","ivory","undetermined","!¥!","¥"
"hss0001","Hohlenstein-Stadel","35185±270","ivory","figurine anthropomorph","||||||| _ ¥ _ vvv _ v","||||||| _ ¥ _ vvv _ v"
"hss0002","Hohlenstein-Stadel","35185±270","animal tooth","personal ornament","Vvvv _ ||||","Vvvv _ ||||"
"vhc0001","Vogelherd","35810±710 - 25900±260","ivory","rod/bâton","XXXXX!","XXXXX"
"vhc0002","Vogelherd","35810±710 - 25900±260","ivory","possible figurine","°°°°°! _ vvvvvvv!","°°°°° _ vvvvvvv"
"vhc0003","Vogelherd","35810±710 - 25900±260","ivory","figurine zoomorph","⊞ _ (||/|/|//|||/||/||| |) _ ⊞ _ || _  ⊞ _ | | | _ |||","⊞ _  _ ⊞ _ || _  ⊞ _ | | | _ |||"
"vhc0004","Vogelherd","35810±710 - 25900±260","ivory","figurine undet.","!v!","v"
"vhc0005","Vogelherd","35810±710 - 25900±260","ivory","undetermined","⊞ _ !vvvvvv! _ !vvv!","⊞ _ vvvvvv _ vvv"
"vhc0006","Vogelherd","35810±710 - 25900±260","ivory","possible flute","!vv!","vv"
"vhc0007","Vogelherd","35810±710 - 25900±260","bone","tube/flute","!v v vv v v!","v v vv v v"
"vhc0008","Vogelherd","35810±710 - 25900±260","ivory","rod/bâton","!& _ X","& _ X"
"vhc0009","Vogelherd","35810±710 - 25900±260","ivory","possible figurine","!v! _ !v!","v _ v"
"vhc0010","Vogelherd","35810±710 - 25900±260","bone","tube/flute","!vvvvvvvv!","vvvvvvvv"
"vhc0011","Vogelherd","35810±710 - 25900±260","ivory","possible figurine","!XX!","XX"
"vhc0012","Vogelherd","35810±710 - 25900±260","ivory","undetermined","!///!","///"
"vhc0013","Vogelherd","35810±710 - 25900±260","bone","undetermined","!v vvv!","v vvv"
"vhc0014","Vogelherd","35810±710 - 25900±260","ivory","undetermined","!||!","||"
"vhc0015","Vogelherd","35810±710 - 25900±260","bone","possible figurine","!X|!","X|"
"vhc0016","Vogelherd","35810±710 - 25900±260","ivory","figurine undet.","!XXXXX! _ !XXXX!","XXXXX _ XXXX"
"vhc0017","Vogelherd","35810±710 - 25900±260","bone","spatula/lissoir","XXXXXXXX/ _ XXXX!","XXXXXXXX/ _ XXXX"
"vhc0018","Vogelherd","35810±710 - 25900±260","antler","undetermined","!vvvvv!","vvvvv"
"vhc0019","Vogelherd","35810±710 - 25900±260","ivory","possible figurine","!//! _!vvvv!","// _vvvv"
"vhc0020","Vogelherd","35810±710 - 25900±260","ivory","personal ornament","/ / / / //!","/ / / / //"
"vhc0021","Vogelherd","35810±710 - 25900±260","bone","undetermined","!vvv!","vvv"
"vhc0022","Vogelherd","35810±710 - 25900±260","ivory","figurine zoomorph","[°°°°°°°°°°°°°°°°°°°°°°°°°°°°°°°°°°°] _ v"," _ v"
"vhc0023","Vogelherd","35810±710 - 25900±260","bone","undetermined","vv v! _v!","vv v _v"
"vhc0024","Vogelherd","35810±710 - 25900±260","ivory","figurine undet.","!XXXXX!","XXXXX"
"vhc0025","Vogelherd","35810±710 - 25900±260","ivory","undetermined","/XX!","/XX"
"vhc0026","Vogelherd","35810±710 - 25900±260","ivory","possible figurine","|||||! _ vvvvv!","||||| _ vvvvv"
"vhc0027","Vogelherd","35810±710 - 25900±260","ivory","personal ornament","!//","//"
"vhc0028","Vogelherd","35810±710 - 25900±260","ivory","undetermined","(!|////|/|//!)",""
"vhc0029","Vogelherd","35810±710 - 25900±260","ivory","rod/bâton","!| |||| | | ||||! _ v vvv!","| |||| | | |||| _ v vvv"
"vhc0030","Vogelherd","35810±710 - 25900±260","bone","tube/flute","v v v vv! _ v v v vv!","v v v vv _ v v v vv"
"vhc0031","Vogelherd","35810±710 - 25900±260","bone","undetermined","!vvvvvvv!","vvvvvvv"
"vhc0032","Vogelherd","35810±710 - 25900±260","bone","undetermined","!||||!","||||"
"vhc0033","Vogelherd","35810±710 - 25900±260","ivory","possible figurine","!vv!","vv"
"vhc0034","Vogelherd","35810±710 - 25900±260","ivory","undetermined","!¥!","¥"
"vhc0035","Vogelherd","35810±710 - 25900±260","ivory","figurine zoomorph","[!CCCC!]",""
"vhc0036","Vogelherd","35810±710 - 25900±260","bone","undetermined","!vvvvvv!","vvvvvv"
"vhc0037","Vogelherd","35810±710 - 25900±260","bone","tube/flute","vv!","vv"
"vhc0038","Vogelherd","35810±710 - 25900±260","ivory","figurine undet.","!vv!","vv"
"vhc0039","Vogelherd","35810±710 - 25900±260","bone","undetermined","!YYY!","YYY"
"vhc0040","Vogelherd","35810±710 - 25900±260","bone","tube/flute","!XX!","XX"
"vhc0041","Vogelherd","35810±710 - 25900±260","ivory","figurine undet.","(!°°°°°!)",""
"vhc0042","Vogelherd","35810±710 - 25900±260","bone","undetermined","!XX!","XX"
"vhc0043","Vogelherd","35810±710 - 25900±260","bone","possible figurine","vvvv/Xv! _ XXXXXXvvv! _","vvvv/Xv _ XXXXXXvvv _"
"vhc0044","Vogelherd","35810±710 - 25900±260","ivory","figurine zoomorph","[vv _ v _ v _ vvv _ vv _ vv _ vvv] _ ||l"," _ ||l"
"vhc0045","Vogelherd","35810±710 - 25900±260","ivory","flute","!vvvvvvv! _ !v!","vvvvvvv _ v"
"vhc0046","Vogelherd","35810±710 - 25900±260","antler","awl","| | |||| |||! _ vv!","| | |||| ||| _ vv"
"vhc0047","Vogelherd","35810±710 - 25900±260","ivory","undetermined","!vvvv!","vvvv"
"vhc0048","Vogelherd","35810±710 - 25900±260","bone","tube/flute","!$!","$"
"vhc0049","Vogelherd","35810±710 - 25900±260","bone","spatula/lissoir","X X X X X X X _ vvvvvvvvvvvv!vvvvvvvvvvvvvv _ vvv vvv vv! vvv vvv","X X X X X X X _ vvvvvvvvvvvvvvvvvvvvvvvvvv _ vvv vvv vv vvv vvv"
"vhc0050","Vogelherd","35810±710 - 25900±260","ivory","undetermined","!vvvvvv/v!","vvvvvv/v"
"vhc0051","Vogelherd","35810±710 - 25900±260","ivory","undetermined","X/X||! _ ||||!","X/X|| _ ||||"
"vhc0052","Vogelherd","35810±710 - 25900±260","ivory","figurine zoomorph","!//////////// _ /// _ [!°°°°°°°°°°°°°°°°°°°°°°°°°°°°°°°°°°°°°°°°°°°°°°°°°°°°°] _ ///// _ // //// _ ¥ _ /////////// _ [!°°°°°°°°°°°°°°°°°°°°°°°°°°°°°°°°°°°°°°°°°°°°°°°°°°°°°°°°°°°°]","//////////// _ /// _  _ ///// _ // //// _ ¥ _ /////////// _ "
"vhc0053","Vogelherd","35810±710 - 25900±260","bone","undetermined","!X/XXX/!","X/XXX/"
"vhc0054","Vogelherd","35810±710 - 25900±260","ivory","possible figurine","!vvvvvvvvv!","vvvvvvvvv"
"vhc0055","Vogelherd","35810±710 - 25900±260","bone","tube/flute","!vv! _ !vvv!","vv _ vvv"
"vhc0056","Vogelherd","35810±710 - 25900±260","ivory","rod/bâton","!|!","|"
"vhc0057","Vogelherd","35810±710 - 25900±260","ivory","rod/bâton","!vvv! _ !vvv!","vvv _ vvv"
"vhc0058","Vogelherd","35810±710 - 25900±260","ivory","undetermined","!¥!","¥"
"vhc0059","Vogelherd","35810±710 - 25900±260","ivory","figurine undet.","!^^^^^^ |!","^^^^^^ |"
"vhc0060","Vogelherd","35810±710 - 25900±260","ivory","possible figurine","////////// _ l|ll!","////////// _ l|ll"
"vhc0061","Vogelherd","35810±710 - 25900±260","ivory","possible flute","!vvvvvv!","vvvvvv"
"vhc0062","Vogelherd","35810±710 - 25900±260","ivory","personal ornament","!vvv!","vvv"
"vhc0063","Vogelherd","35810±710 - 25900±260","bone","undetermined","(!/XXXXX/!)",""
"vhc0064","Vogelherd","35810±710 - 25900±260","bone","flute","vvvv _ !vvv!  _ !vvv!","vvvv _ vvv  _ vvv"
"vhc0065","Vogelherd","35810±710 - 25900±260","ivory","personal ornament","!W!","W"
"vhc0066","Vogelherd","35810±710 - 25900±260","ivory","undetermined","!vv! _ vv!","vv _ vv"
"vhc0067","Vogelherd","35810±710 - 25900±260","ivory","awl","||||| (/||)||| _ ||","||||| ||| _ ||"
"vhc0068","Vogelherd","35810±710 - 25900±260","ivory","undetermined","!XX","XX"
"vhc0069","Vogelherd","35810±710 - 25900±260","ivory","personal ornament",">>>>! _ >>>>!",">>>> _ >>>>"
"vhc0070","Vogelherd","35810±710 - 25900±260","bone","tube/flute","!vvvvvv!","vvvvvv"
"vhc0071","Vogelherd","35810±710 - 25900±260","bone","undetermined","!||||!","||||"
"vhc0072","Vogelherd","35810±710 - 25900±260","ivory","undetermined","(!XXXXXXX!)",""
"vhc0073","Vogelherd","35810±710 - 25900±260","ivory","possible figurine","!vvv!","vvv"
"vhc0074","Vogelherd","35810±710 - 25900±260","ivory","undetermined","(!XXXXX) _ (!XXX) _ v"," _  _ v"
"vhc0075","Vogelherd","35810±710 - 25900±260","ivory","undetermined","!vvvvv!","vvvvv"
"vhc0076","Vogelherd","35810±710 - 25900±260","bone","flute","!////!","////"
"vhc0077","Vogelherd","35810±710 - 25900±260","bone","undetermined","!v v vv v!","v v vv v"
"vhc0078","Vogelherd","35810±710 - 25900±260","ivory","figurine undet.","!vv!","vv"
"vhc0079","Vogelherd","35810±710 - 25900±260","ivory","figurine zoomorph","[!vvvvvvvvvvvvvvvvvvvvvvvvvvvvvvvvvvvvvvvvvvvvvvvvvvvvvvvvvvvvvvvvvvvvvvvvvv!]",""
"vhc0080","Vogelherd","35810±710 - 25900±260","ivory","undetermined","!/ / //","/ / //"
"vhc0081","Vogelherd","35810±710 - 25900±260","ivory","undetermined","!XXX! _ !vvvv!","XXX _ vvvv"
"vhc0082","Vogelherd","35810±710 - 25900±260","ivory","possible figurine","!vvvvv!","vvvvv"
"vhc0083","Vogelherd","35810±710 - 25900±260","ivory","possible figurine","!XXX!","XXX"
"vhc0084","Vogelherd","35810±710 - 25900±260","ivory","figurine zoomorph","|||! _ v _ v _ v _ v _ v","||| _ v _ v _ v _ v _ v"
"vhc0085","Vogelherd","35810±710 - 25900±260","bone","undetermined","vv!","vv"
"vhc0086","Vogelherd","35810±710 - 25900±260","bone","undetermined","!v vv vv!","v vv vv"
"vhc0087","Vogelherd","35810±710 - 25900±260","ivory","figurine zoomorph","(XXXXXXXXXXXXXXXXXXXXXXXXXXXXXX) _ °°°°°°°°°! _ °°°°°°! _ °! _ °! _ ¤¤¤¤¤¤"," _ °°°°°°°°° _ °°°°°° _ ° _ ° _ ¤¤¤¤¤¤"
"vhc0088","Vogelherd","35810±710 - 25900±260","ivory","rod/bâton","!W!","W"
"vhc0089","Vogelherd","35810±710 - 25900±260","ivory","undetermined",">>>>! _ >>!",">>>> _ >>"
"vhc0090","Vogelherd","35810±710 - 25900±260","ivory","figurine zoomorph","vvvvvv _ ¥ _ ¥","vvvvvv _ ¥ _ ¥"
"vhc0091","Vogelherd","35810±710 - 25900±260","ivory","possible figurine","!vvvvvvvvvv!","vvvvvvvvvv"
"vhc0092","Vogelherd","35810±710 - 25900±260","bone","undetermined","!vvv! _ !vvvvv!","vvv _ vvvvv"
"vhc0093","Vogelherd","35810±710 - 25900±260","ivory","figurine undet.","!|||||! _ !|! _ !||!","||||| _ | _ ||"
"vhc0094","Vogelherd","35810±710 - 25900±260","ivory","undetermined","!XX! _ !vvvvvvv!","XX _ vvvvvvv"
"vhc0095","Vogelherd","35810±710 - 25900±260","ivory","undetermined","X","X"
"vhc0096","Vogelherd","35810±710 - 25900±260","ivory","undetermined","XX! _ vvvvvvvv! _ !vvvv!","XX _ vvvvvvvv _ vvvv"
"vhc0097","Vogelherd","35810±710 - 25900±260","bone","tube/flute","!⊞!","⊞"
"vhc0098","Vogelherd","35810±710 - 25900±260","ivory","undetermined","|| ||","|| ||"
"vhc0099","Vogelherd","35810±710 - 25900±260","ivory","undetermined","!////","////"
"vhc0100","Vogelherd","35810±710 - 25900±260","bone","tube/flute","!vvv!","vvv"
"vhc0101","Vogelherd","35810±710 - 25900±260","ivory","possible figurine","!vv! _ !v!","vv _ v"
"vhc0102","Vogelherd","35810±710 - 25900±260","bone","undetermined","!|||! _ !vv! _ !vvv!","||| _ vv _ vvv"
"vhc0103","Vogelherd","35810±710 - 25900±260","bone","undetermined","!vvvvvv! _ !v V>>>vv!","vvvvvv _ v V>>>vv"
"vhc0104","Vogelherd","35810±710 - 25900±260","ivory","undetermined","!vvv! _ !vv! _ !vv! _ !vvv!","vvv _ vv _ vv _ vvv"
"vhc0105","Vogelherd","35810±710 - 25900±260","ivory","possible flute","!vvvvvvv!","vvvvvvv"
"vhc0106","Vogelherd","35810±710 - 25900±260","ivory","possible figurine","!⊞!","⊞"
"vhc0107","Vogelherd","35810±710 - 25900±260","ivory","rod/bâton","/ \ _ |||! _ ||!","/ \ _ ||| _ ||"
"vhc0108","Vogelherd","35810±710 - 25900±260","bone","undetermined","!XXXX!","XXXX"
"vhc0109","Vogelherd","35810±710 - 25900±260","ivory","possible flute","!vvvvvvvv!","vvvvvvvv"
"vhc0110","Vogelherd","35810±710 - 25900±260","ivory","undetermined","vvv!","vvv"
"vhc0111","Vogelherd","35810±710 - 25900±260","ivory","possible figurine","?",""
"vhc0112","Vogelherd","35810±710 - 25900±260","ivory","figurine zoomorph","vv _ X","vv _ X"
"vhc0113","Vogelherd","35810±710 - 25900±260","bone","rod/bâton","!vvv! _ !vvvv! _ vv! _ !vvvv!","vvv _ vvvv _ vv _ vvvv"
"vhc0114","Vogelherd","35810±710 - 25900±260","ivory","undetermined","!||||||!","||||||"
"vhc0115","Vogelherd","35810±710 - 25900±260","ivory","undetermined","!vvvv!","vvvv"
"vhc0116","Vogelherd","35810±710 - 25900±260","ivory","undetermined","!⊞!","⊞"
"vhc0117","Vogelherd","35810±710 - 25900±260","bone","tube/flute","!vvvvv!","vvvvv"
"vhc0118","Vogelherd","35810±710 - 25900±260","bone","flute","v v vv v v v","v v vv v v v"
"vhc0119","Vogelherd","35810±710 - 25900±260","ivory","possible figurine","!v vv v!","v vv v"
"vhc0120","Vogelherd","35810±710 - 25900±260","ivory","possible figurine","!⊞!","⊞"
"vhc0121","Vogelherd","35810±710 - 25900±260","bone","tube/flute","!| | |!","| | |"
"vhc0122","Vogelherd","35810±710 - 25900±260","bone","tube/flute","v!","v"
"vhc0123","Vogelherd","35810±710 - 25900±260","ivory","rod/bâton","vvvv vvv vv! _ vvv v vvvv _ vvv! _ !v vv v v v v v! _ v v v v v _ !vvvv! _ !>>>>>>>!","vvvv vvv vv _ vvv v vvvv _ vvv _ v vv v v v v v _ v v v v v _ vvvv _ >>>>>>>"
"vhc0124","Vogelherd","35810±710 - 25900±260","bone","undetermined","vvvvvv","vvvvvv"
"vhc0125","Vogelherd","35810±710 - 25900±260","ivory","undetermined","!vvv!","vvv"
"vhc0126","Vogelherd","35810±710 - 25900±260","bone","undetermined","!vvvvvvv! _ // /// //!","vvvvvvv _ // /// //"
"vhc0127","Vogelherd","35810±710 - 25900±260","bone","tube/flute","!vv! _ !vvv!","vv _ vvv"
"vhc0128","Vogelherd","35810±710 - 25900±260","ivory","undetermined","!||!","||"
"vhc0129","Vogelherd","35810±710 - 25900±260","bone","tube/flute","vvvv _ vvvv","vvvv _ vvvv"
"vhc0130","Vogelherd","35810±710 - 25900±260","bone","tube/flute","!vv!","vv"
"vhc0131","Vogelherd","35810±710 - 25900±260","bone","tube/flute","¥!","¥"
"vhc0132","Vogelherd","35810±710 - 25900±260","bone","awl","|||||| _ vvvv vvv _ ||||! _ vvvv vv","|||||| _ vvvv vvv _ |||| _ vvvv vv"
"vhc0133","Vogelherd","35810±710 - 25900±260","bone","flute","v","v"
"vhc0134","Vogelherd","35810±710 - 25900±260","bone","possible figurine","!XXX!","XXX"
"vhc0135","Vogelherd","35810±710 - 25900±260","bone","spatula/lissoir","(/XXXX!) _ (XXXX!) _ >>! _ "," _  _ >> _ "
"vhc0136","Vogelherd","35810±710 - 25900±260","bone","flute","||!","||"
"vhc0137","Vogelherd","35810±710 - 25900±260","ivory","possible flute","!vvv!","vvv"
"vhc0138","Vogelherd","35810±710 - 25900±260","bone","tube/flute","!vvvv! _ !vvvvv!","vvvv _ vvvvv"
"vhc0139","Vogelherd","35810±710 - 25900±260","ivory","undetermined","!| || |!","| || |"
"vhc0140","Vogelherd","35810±710 - 25900±260","ivory","rod/bâton","!vvv!","vvv"
"vhc0141","Vogelherd","35810±710 - 25900±260","bone","tube/flute","!||||!","||||"
"vhc0142","Vogelherd","32030±280 - 26160±150","ivory","undetermined","!¥!","¥"
"vhc0143","Vogelherd","35810±710 - 25900±260","bone","undetermined","||| ||||","||| ||||"
"vhc0144","Vogelherd","32030±280 - 26160±150","ivory","figurine zoomorph","||||| _! /////////////////! _ !///////////////!","||||| _ ///////////////// _ ///////////////"
"vhc0145","Vogelherd","35810±710 - 25900±260","ivory","figurine zoomorph","(/X)XXXXXYYY _ X(XX) _ (X/X)XXXX _ XVXXY _ °°° _ °°°°°°° _ XXXX _ >>>XXX _ ⊞ _ XXXXX","XXXXXYYY _ X _ XXXX _ XVXXY _ °°° _ °°°°°°° _ XXXX _ >>>XXX _ ⊞ _ XXXXX"
"vhc0146","Vogelherd","35810±710 - 25900±260","ivory","figurine zoomorph","XXXXXXXXXXXXX _ vvvvvvvvvvvvvvvvv","XXXXXXXXXXXXX _ vvvvvvvvvvvvvvvvv"
"vhc0147","Vogelherd","35810±710 - 25900±260","ivory","figurine zoomorph","|||||X _ [!°°°°°°°°°°°°°°°°°°°°°°°°°°°°°°°°°°°!] _ [!°°°°°°°°°°°°°°°°°!] _ ||||","|||||X _  _  _ ||||"
"vhc0148","Vogelherd","35810±710 - 25900±260","sandstone","possible figurine","||||||||||| _ [||||||||||||||||||||||||] _ [||||||||||||||||||||||||]","||||||||||| _  _ "
"vhc0149","Vogelherd","32030±280 - 26160±150","ivory","undetermined","!|||||||","|||||||"
"vhc0151","Vogelherd","35810±710 - 25900±260","fossil","undetermined","v v vvv vv","v v vvv vv"
"vhc0152","Vogelherd","35810±710 - 25900±260","ivory","bâton percé","|||| _ ||||| _ ||||||||","|||| _ ||||| _ ||||||||"
"vhc0153","Vogelherd","35810±710 - 25900±260","ivory","rod/bâton","|||| || || | _ |||||| | | | _ !||||||||","|||| || || | _ |||||| | | | _ ||||||||"
"vhc0154","Vogelherd","35810±710 - 25900±260","ivory","figurine zoomorph","¥ _ |||||","¥ _ |||||"
"vhc0155","Vogelherd","35810±710 - 25900±260","ivory","figurine zoomorph","°!°°°°°°°°°°! _ °°°°°°°° _ !°°°°°°°°°°°! _ °°°°°°°°°°°°°° _ vvvXXX! _ !vvvvvv! _ !vvvvv! _ [CCCC] _ [CCCC] _ [CCCC] _ |||! _ ||| _ vvvv _ ||| _ vvvv _ |||| _ ||| _ ||| _ vvv _ ¥ _ || _ °!","°°°°°°°°°°° _ °°°°°°°° _ °°°°°°°°°°° _ °°°°°°°°°°°°°° _ vvvXXX _ vvvvvv _ vvvvv _  _  _  _ ||| _ ||| _ vvvv _ ||| _ vvvv _ |||| _ ||| _ ||| _ vvv _ ¥ _ || _ °"
"vhc0156","Vogelherd","32030±280 - 26160±150","ivory","figurine anthropomorph","°°°° °°° _ °°°°°°°° _ v°°°°°°°°° _ Vv _ ","°°°° °°° _ °°°°°°°° _ v°°°°°°°°° _ Vv _ "
"vhc0157","Vogelherd","35810±710 - 25900±260","ivory","figurine zoomorph","!||| _ X X _ |||! _ //// _ ||||| _ vvv _ vv _ || _ ||||| _ || _ vvv||||! _ ^^^^ _ X!","||| _ X X _ ||| _ //// _ ||||| _ vvv _ vv _ || _ ||||| _ || _ vvv|||| _ ^^^^ _ X"
"vhc0158","Vogelherd","32030±280 - 26160±150","ivory","figurine zoomorph","⊞ _ [°°°°°°°°°°°°°°°°°°°°°°°°°°°°°°°°°°°°°°°°°°°°°°°°°°°°°°°°°°°°°°°°°°°°°°°°°°°°°°°°°°°°°°°°°°°°°°°!] _V V _ V _ vv","⊞ _  _V V _ V _ vv"
"vhc0159","Vogelherd","32030±280 - 26160±150","ivory","figurine zoomorph","vvvv*vvvvvvvv _ ||||| _ ¤¤¤¤¤¤¤¤¤ _ [°°°°°°°°°°°°°°°°°°°°°°°°°°°°°°°°°°°°°°°°°°°°°°°°°°°°°°°°°°°°°°°°°°°°°°°°°°°!]","vvvv*vvvvvvvv _ ||||| _ ¤¤¤¤¤¤¤¤¤ _ "
"vhc0160","Vogelherd","32030±280 - 26160±150","antler","antler object","| |||| _ | _ vv v _ ||||_ | ||","| |||| _ | _ vv v _ ||||_ | ||"
"vhc0161","Vogelherd","35810±710 - 25900±260","ivory","bâton percé","vvv vvv","vvv vvv"
"vhc0162","Vogelherd","32030±280 - 26160±150","bone","spatula/lissoir","(XXXXXXXXXX) _ >>>> <<< >>>> <<<< >> _ > <<<<< >>>> <<<<<< >>>>"," _ >>>> <<< >>>> <<<< >> _ > <<<<< >>>> <<<<<< >>>>"
"vhc0163","Vogelherd","32030±280 - 26160±150","bone","spatula/lissoir","!⊞! _ !vvvvvvvvvvvvvvvvvv! _  !⊞!","⊞ _ vvvvvvvvvvvvvvvvvv _  ⊞"
"vhc0164","Vogelherd","32030±280 - 26160±150","ivory","bâton percé","vvvvv! _ vvvvvv! _ [CCCC] _ &","vvvvv _ vvvvvv _  _ &"
"vhc0165","Vogelherd","32030±280 - 26160±150","bone","spatula/lissoir","!vvvv vvvvvv >>>>","vvvv vvvvvv >>>>"
"vhc0166","Vogelherd","32030±280 - 26160±150","antler","antler object","vvvvvvv _ [&]","vvvvvvv _ "
"vhc0167","Vogelherd","35810±710 - 25900±260","bone","spatula/lissoir","vvvvvvvvvvvvvvvvvv _ v!","vvvvvvvvvvvvvvvvvv _ v"
"vhc0168","Vogelherd","35810±710 - 25900±260","bone","spatula/lissoir",">>>>>> ! >>>>>",">>>>>>  >>>>>"
"vhc0169","Vogelherd","32030±280 - 26160±150","bone","spatula/lissoir","vvvvvvvvvv!","vvvvvvvvvv"
"vhc0170","Vogelherd","35810±710 - 25900±260","ivory","possible figurine","!XXXXXXXX! _ |","XXXXXXXX _ |"
"vhc0171","Vogelherd","35810±710 - 25900±260","ivory","possible figurine","X!","X"
"vhc0172","Vogelherd","35810±710 - 25900±260","ivory","rod/bâton","¥!","¥"
"vhc0173","Vogelherd","35810±710 - 25900±260","bone","undetermined","!vvvv v!","vvvv v"
"vhc0174","Vogelherd","35810±710 - 25900±260","ivory","undetermined","¥!","¥"
"vhc0175","Vogelherd","35810±710 - 25900±260","ivory","rod/bâton","vvv!","vvv"
