"subcorpus","sequence","num.char","huni.chars","hrate.chars","ttr.chars","rm.chars","mlp.predictions.rd"
"Aurignacien","vvvvvvvvvvvvvv",14,-2.43925874147659,-1.94682578779852,-1.70769186775083,2.95867079442652,"Aurignacien"
"Aurignacien","vvvvvv",6,-2.43925874147659,-1.99683812014033,-1.3558920657589,2.95867079442652,"Aurignacien"
"Aurignacien","vvvvvvvv",8,-2.43925874147659,-1.95148043549157,-1.50980447913037,2.95867079442652,"Aurignacien"
"Aurignacien","vvvvvvvv _ vvvvvvvvv",18,-2.19486766199555,-1.63516123567816,-1.56110861692086,2.55322334565207,"Aurignacien"
"Aurignacien","| ||||| | _ | | | || || | | | | |",31,-1.67902851321861,-1.70025560634225,-1.73322572434702,0.201628142760297,"Aurignacien"
"Aurignacien","vvvvvvvvvvv",11,-2.43925874147659,-1.934714045539,-1.63573281734339,2.95867079442652,"Aurignacien"
"Aurignacien","||",2,-2.43925874147659,-2.4465653410632,-0.124592758787152,2.95867079442652,"Aurignacien"
"Aurignacien","vvvvvvvvvvvv",12,-2.43925874147659,-1.93832228720288,-1.66371689250184,2.95867079442652,"Aurignacien"
"Aurignacien","|| |||",6,-1.92605230143171,-1.734206458481,-0.740242412273028,1.58014946859341,"Aurignacien"
"Aurignacien","OO",2,-2.43925874147659,-2.4465653410632,-0.124592758787152,2.95867079442652,"Aurignacien"
"Aurignacien","v v v vv _ v v v _ v v vv vv vv vv _ ≠ _ vvv _ vvvvvvv",44,-1.59580444049962,-1.45004311407791,-1.71968504281874,0.554273133089698,"Aurignacien"
"Aurignacien","W W",3,-1.71424477240754,-1.99894543124496,0.491056894698723,-0.487632520156257,"Aurignacien"
"Aurignacien","|XX |X X",8,-1.25497703913898,-1.42703809062031,-0.586329998901558,0.00469652478413924,"Aurignacien"
"Aurignacien","X || _ | _ | || |",13,-1.4162463626737,-1.57864277829662,-1.1191037374951,0.0867513656075393,"Aurignacien"
"Aurignacien","||||||||||||||||||| _ vvvvvvvvvvvvvv _ vvvvvvvvvvvvvvvvvvv",54,-1.53879093244703,-1.54414830629504,-1.76632516808282,2.69857243106178,"Aurignacien"
"Aurignacien","vv",2,-2.43925874147659,-2.4465653410632,-0.124592758787152,2.95867079442652,"Aurignacien"
"Aurignacien","XXXXX",5,-2.43925874147659,-2.03282789300943,-1.23276213506173,2.95867079442652,"Aurignacien"
"Aurignacien","& _ X",3,-1.18789734914637,-1.65867035608523,1.72235620167047,-0.487632520156257,"TeDDi"
"Aurignacien","vvvvvvvv",8,-2.43925874147659,-1.95148043549157,-1.50980447913037,2.95867079442652,"Aurignacien"
"Aurignacien","XXXXXXXX/ _ XXXX",14,-1.85933184428976,-1.26958724455467,-1.17999216476294,2.1633700295228,"Aurignacien"
"Aurignacien","vv v _v",7,-1.35068003292939,-1.31461715542984,-0.388442610281097,0.0867513656075393,"Aurignacien"
"Aurignacien","//",2,-2.43925874147659,-2.4465653410632,-0.124592758787152,2.95867079442652,"Aurignacien"
"Aurignacien","v v v vv _ v v v vv",17,-1.66756671691834,-1.79004568394821,-1.53696549325475,-0.0568446058334107,"Aurignacien"
"Aurignacien","XX",2,-2.43925874147659,-2.4465653410632,-0.124592758787152,2.95867079442652,"Aurignacien"
"Aurignacien","X/XXX/",6,-1.71424477240754,-1.72543593829667,-0.740242412273028,0.890888805676852,"Aurignacien"
"Aurignacien","vv _ vvv",6,-1.92605230143171,-1.734206458481,-0.740242412273028,1.58014946859341,"Aurignacien"
"Aurignacien","////////// _ l|ll",15,-1.35344661600275,-0.960520648785223,-0.986502273667375,1.97401270454572,"Aurignacien"
"Aurignacien","v vvvv v",8,-1.79873751594078,-1.69807940162189,-1.04806723901596,0.989354614664933,"Aurignacien"
"Aurignacien","vv _ vv",5,-1.86928125269089,-1.76060783288165,-0.493982550878677,1.23551913713513,"Aurignacien"
"Aurignacien","||||| ||| _ ||",12,-1.92605230143171,-1.58646730296379,-1.3558920657589,1.70546958912369,"Aurignacien"
"Aurignacien","XX",2,-2.43925874147659,-2.4465653410632,-0.124592758787152,2.95867079442652,"Aurignacien"
"Aurignacien",">>>> _ >>>>",9,-2.0419256498608,-1.60154069687993,-1.15067551459694,2.09709496578082,"Aurignacien"
"Aurignacien","vvvvvv",6,-2.43925874147659,-1.99683812014033,-1.3558920657589,2.95867079442652,"Aurignacien"
"Aurignacien","/ / //",6,-1.71424477240754,-1.77062934478409,-0.740242412273028,0.201628142760297,"Aurignacien"
"Aurignacien","||| _ v _ v _ v _ v _ v",13,-1.21662162354333,-1.45863439294064,-1.1191037374951,0.0867513656075393,"Aurignacien"
"Aurignacien","v vv vv",7,-1.75780681063346,-1.82305227358071,-0.91614231326899,0.661135251371332,"Aurignacien"
"Aurignacien","vvvvvv _ ≠ _ ≠",10,-1.35686427226224,-1.20741022208598,-0.863372342970202,1.42698043238973,"Aurignacien"
"Aurignacien","vvv _ vvvvv",9,-2.0419256498608,-1.65135407160291,-1.15067551459694,2.09709496578082,"Aurignacien"
"Aurignacien","////",4,-2.43925874147659,-2.11541055149556,-1.04806723901596,2.95867079442652,"Aurignacien"
"Aurignacien","vv _ v",4,-1.79873751594078,-1.77513547633583,-0.124592758787152,0.661135251371332,"Aurignacien"
"Aurignacien","/ \ _ ||| _ ||",10,-1.10854037197768,-1.21373288402377,-0.493982550878677,0.661135251371332,"Aurignacien"
"Aurignacien","vvvvvvv",7,-2.43925874147659,-1.96367285688226,-1.44384201625688,2.95867079442652,"Aurignacien"
"Aurignacien","vv _ X",4,-1.25497703913898,-1.45310097236028,0.798881721441659,0.661135251371332,"Aurignacien"
"Aurignacien","vvvvvvv _ // /// //",17,-1.25827389872401,-1.24403430519657,-1.31967738025973,1.66630705145798,"Aurignacien"
"Aurignacien","||",2,-2.43925874147659,-2.4465653410632,-0.124592758787152,2.95867079442652,"Aurignacien"
"Aurignacien","vv",2,-2.43925874147659,-2.4465653410632,-0.124592758787152,2.95867079442652,"Aurignacien"
"Aurignacien","XX",2,-2.43925874147659,-2.4465653410632,-0.124592758787152,2.95867079442652,"Aurignacien"
"Aurignacien","– – – – – _ ///////////////// _ ///////////////",43,-1.59079950549492,-1.60242420881992,-1.71382791080883,1.97401270454572,"Aurignacien"
"Aurignacien","XXXXXXXXXXXXX _ vvvvvvvvvvvvvvvvv",31,-1.52271381826633,-1.41500950004314,-1.61406772689814,2.728917240121,"Aurignacien"
"Aurignacien","|||||||",7,-2.43925874147659,-1.96367285688226,-1.44384201625688,2.95867079442652,"Aurignacien"
"Aurignacien","|||| _ ||||| _ ||||||||",19,-2.05597721070707,-1.75475241827288,-1.58271035914843,2.19282561340812,"Aurignacien"
"Aurignacien","≠ _ |||||",7,-1.53222934352153,-1.54960352774286,-0.388442610281097,1.80990302289893,"Aurignacien"
"Aurignacien","°°°°°°°°°°° _ °°°°°°°° _ °°°°°°°°°°° _ °°°°°°°°°°°°°° _ vvvXXX _ vvvvvv _ vvvvv _ ||| _ ||| _ vvvv _ ||| _ vvvv _ |||| _ ||| _ ||| _ vvv _ ≠ _ || _ °",113,-0.794551892233342,-1.11628439432761,-1.77540554645282,1.82015987800185,"Aurignacien"
"Aurignacien","°°°° °°° _ °°°°°°°° _ v°°°°°°°° _ Vv",30,-1.56644857773547,-1.22801457144158,-1.47902199645608,1.77029034112211,"Aurignacien"
"Aurignacien","||| _ X X _ ||| _ //// _ ||||| _ vvv _ vv _ || _ ||||| _ || _ vvv|||| _ ^^^^ _ X",56,-0.714829372284516,-0.712260386764983,-1.57576694200386,1.2668491672677,"Aurignacien"
"Aurignacien","⊞ _  _V V _ V _ vv",12,-0.817120326849277,-0.910225226085543,-0.432417585530088,0.138968082495157,"TeDDi"
"Aurignacien","vvvv⚹vvvvvvvv _ ||||| _ ¤¤¤¤¤¤¤¤¤",29,-0.922209307409044,-0.79846225274343,-1.33466276736284,2.22017722701592,"Aurignacien"
"Aurignacien","vvvvv _ vvvvvv _ &",14,-1.69207730702654,-1.36567910745244,-1.17999216476294,1.89826977455489,"Aurignacien"
"Aurignacien","vvvvvvv",7,-2.43925874147659,-1.96367285688226,-1.44384201625688,2.95867079442652,"Aurignacien"
"Aurignacien","XXXXXXXX _ |",10,-1.71137702571254,-1.27866404069752,-0.863372342970202,2.19282561340812,"Aurignacien"
"TeDDi","Setxi itaritxiakori aua mitxi ĩkorapokoriti . Apia kiomanetakari ĩtaniriuata . Meenetipanika ipina .",100,0.48052059601481,0.393368077103866,-1.30664009348003,-0.452821375564512,"TeDDi"
"TeDDi","Ez dago gainazalik?",19,0.249709906808502,0.231979034902387,0.361446441333275,-0.487632520156257,"TeDDi"
"TeDDi","Ez duzu sinistuko baina berak asko maite zuen zure ama.",55,0.574123395107412,0.504858075065813,-0.829791452780063,-0.487632520156257,"TeDDi"
"TeDDi","Ez nago harrotuta, konbentzituta baizik.",40,0.612996270002231,0.528637267445037,-0.401635102855796,-0.399265768500289,"TeDDi"
"TeDDi","Haiek zainduko zaituztete.",26,0.367701309499459,0.0942438642757437,-0.124592758787152,-0.487632520156257,"TeDDi"
"TeDDi","Gaur ikusiitakoa ondo aztertuta, eskulanari % 20 arintzea ez liteke asko.",73,0.664911269835237,0.768427481098444,-0.959514891596763,-0.439767196342608,"TeDDi"
"TeDDi","Anbulategira medikuarengan joan nintzenean, medikuak gertatutako azaltzeko eskatu zidan eta txundituta gelditu zen esan nionean hori koloreko mina sentitu nuela hasieran harriduraz eta barrezka galdetu ninduen:",210,0.692605301873367,0.631711540312919,-1.56697194695406,-0.454653541069341,"TeDDi"
"TeDDi","Horregatik hartu dut nire aitaren Continental autoa.",52,0.489273522264389,0.522442242176358,-0.763921245099406,-0.420057945360517,"TeDDi"
"TeDDi","Screw Magazinek dioenez...",26,0.580858351394138,0.525046634701627,0.301626232087682,-0.211928254989636,"TeDDi"
"TeDDi","Mila esker, maitea.",19,0.35318807863585,0.308842918816457,0.555862121381444,-0.487632520156257,"TeDDi"
"TeDDi","Zure metodoei begirune handia badiet ere, Dalrymple jauna oker zaude, ni sendagile arrunt bat naiz.",99,0.785859137197277,0.915077973567373,-1.03873921396315,-0.452466159803372,"TeDDi"
"TeDDi","Elia Martell bortxatu eta hil zituzten.",39,0.546780965231824,0.558005581873521,-0.36138108705095,-0.396940327667237,"TeDDi"
"TeDDi","Gehiegi da niretzat.",20,0.360730074752786,0.372552735900511,0.429491929350135,-0.487632520156257,"TeDDi"
"TeDDi","- Iruditzen zaizu?",18,0.381251234389963,0.299147390615154,0.696273445860679,-0.487632520156257,"TeDDi"
"TeDDi","وَٱنْقَسَمُوا بِٱلْقُرْعَةِ ، هَؤُلَاءِ مَعَ هَؤُلَاءِ ، لِأَنَّ رُؤَسَاءَ ٱلْقُدْسِ وَرُؤَسَاءَ بَيْتِ ٱللهِ كَانُوا مِنْ بَنِي أَلِعَازَارَ وَمِنْ بَنِي إِيثَامَارَ .",168,0.934012106895642,0.66372084438519,-1.28992960288541,-0.466995973362349,"TeDDi"
"TeDDi","Delaherche recognized as General Lebrun, hurriedly crossed the corridor",71,0.714206312377974,0.822022765184611,-0.826953631073856,-0.339933806674138,"TeDDi"
"TeDDi","sounds approximately like those I had heard during the",54,0.768241737777034,0.724577367356499,-0.603431378165056,-0.422607929315073,"TeDDi"
"TeDDi","""In the words of union leader, Jack Kelly...""",45,0.937476743907918,1.12724607312551,-0.00146282808997881,-0.252657294161977,"TeDDi"
"TeDDi","in his voice as he shouted:",27,0.360698194743368,0.377001853488672,-0.0561872417331681,-0.487632520156257,"TeDDi"
"TeDDi","Tortoise-shell comb.",20,0.548434283602316,0.613764984814123,0.798881721441659,-0.306248135178217,"TeDDi"
"TeDDi","Where things that own not man’s dominion",40,0.488834319859944,0.482444703005168,-0.493982550878677,-0.487632520156257,"TeDDi"
"TeDDi","Come on, buddy, I'm here with you, all right?",45,0.861182412160052,0.971973200343009,-0.165636069019544,-0.330982369493404,"TeDDi"
"TeDDi","with the history of man.",24,0.473065140000419,0.601767729244638,0.337144481327253,-0.487632520156257,"TeDDi"
"TeDDi","chasseurs d'Afrique defiling slowly before the mill; the miller was",67,0.854554030142796,0.728885338603005,-0.648354404290059,-0.330982369493404,"TeDDi"
"TeDDi","Hamas is responsible for Palestinians it almost 70 years own refugee's Fund, the rubbish all other refugees worldwide have with the content un hcr the uni-budget 2016 is 136 billion euro",186,1.0082576584393,1.12924147760402,-1.29631306703446,-0.394489187329696,"TeDDi"
"TeDDi","my reticence, I beg you to believe it was unintentionally. The memory of",72,0.785139347655044,1.01828469212011,-0.740242412273028,-0.439093036852275,"TeDDi"
"TeDDi","Hey.",4,-0.860216471693114,-1.2920837203725,1.72235620167047,-0.487632520156257,"TeDDi"
"TeDDi","You would be awesome at that.",29,0.453444831541371,0.409024050473132,-0.060904863598958,-0.487632520156257,"TeDDi"
"TeDDi","victorious. Two attendants came in, bearing Captain Beaudoin on a",65,0.749726955991862,0.907534809520619,-0.664470147228611,-0.433784030865902,"TeDDi"
"TeDDi","“They are both upstairs, are they not?” said Felicite. “I will go up and",72,0.96024107296432,1.02523200023848,-0.586329998901558,-0.439093036852275,"TeDDi"
"TeDDi","The flush on his own face deepened; his features expressed internal",67,0.639818203814627,0.673285664272507,-0.86888562344918,-0.383199086381022,"TeDDi"
"TeDDi","I was adopted by a group of monks.",34,0.685558271895666,0.938111945994351,0.201339410705369,-0.487632520156257,"TeDDi"
"TeDDi","And they sent you in to talk to me.",35,0.440251219779303,0.512567944787495,-0.177362729085941,-0.487632520156257,"TeDDi"
"TeDDi","Hyah!",5,-0.606047436864111,-0.989194175462589,1.72235620167047,-0.487632520156257,"TeDDi"
"TeDDi","Hello?",6,-0.66154992588522,-0.945486711898883,1.1067065481846,0.201628142760297,"TeDDi"
"TeDDi","Hey, coach, what do you need?",29,0.494548254811974,0.477639719278866,-0.060904863598958,-0.364550258921158,"TeDDi"
"TeDDi","The torpedoes missed.",21,0.323455358509264,0.257742695474161,0.315156993702757,-0.315317354427119,"TeDDi"
"TeDDi","- Audrey--",10,-0.191934719671431,-0.379730560518945,0.983576617487422,-0.104709929647061,"TeDDi"
"TeDDi","compositor; and apostleship was obviously a profession better paid and",70,0.762534627186503,0.783742955757656,-0.810602372671413,-0.387739670458206,"TeDDi"
"TeDDi","state. And there was a finicking completeness, moreover, about his toilet,",74,0.865642184564746,1.02791301909207,-0.723603232449084,-0.440422885709918,"TeDDi"
"TeDDi","Juttelin juuri tuottajan kanssa.",32,0.444481625336413,0.446636287397741,-0.240027068815754,-0.0429482215004162,"TeDDi"
"TeDDi","karaista sydäntänsä ylenkatsomaan vainajien vihaa, täytyi hänen",63,0.596710317297464,0.704910471859382,-0.857509012937001,-0.376461445492297,"TeDDi"
"TeDDi","- Suo anteeksi.",15,0.434774986161642,0.428382098997216,1.22983647888177,-0.241467997686059,"TeDDi"
"TeDDi","Siinä näit.",11,-0.336343338082213,-0.484909253191748,0.379120594064925,-0.14300218869798,"TeDDi"
"TeDDi","He toimivat nokkelasti.",23,0.462476866827037,0.420003833007651,0.276917884790591,-0.330982369493404,"TeDDi"
"TeDDi","mahdollista, äänettöminä, välinpitämättöminä, niinkuin eivät nämä asiat",71,0.558300506660801,0.43569388350105,-0.983033824915343,-0.241467997686059,"TeDDi"
"TeDDi","häväistysjutulla se päättyisi.",30,0.467543073906972,0.453863619374324,-0.124592758787152,-0.131118384164936,"TeDDi"
"TeDDi","Ei mitään.",10,-0.132334755929067,-0.304379317013324,0.983576617487422,-0.104709929647061,"TeDDi"
"TeDDi","Ei.",3,-1.18789734914637,-1.65867035608523,1.72235620167047,-0.487632520156257,"TeDDi"
"TeDDi","Toinen taso.",12,0.127971209006519,0.00232008568945292,1.1067065481846,-0.487632520156257,"TeDDi"
"TeDDi","Aivan.",6,-0.398376214254635,-0.730797042581842,1.72235620167047,-0.487632520156257,"TeDDi"
"TeDDi","te vasta täällä olisitte täydellisesti minun ja minä teidän?",60,0.498786360785696,0.489341996135675,-0.92493730831879,-0.253984837811663,"TeDDi"
"TeDDi","Kommodori Chamberlainin mukaan armahdus on hyväksyttävä heti tai Nassauta pidetään vihamielisenä seutuna.",105,0.88851377197667,1.04036691889543,-1.12722219446415,-0.321944860801316,"TeDDi"
"TeDDi","Ehkä voimme keksiä jotain muuta.",32,0.662950832081888,0.619250553813162,-0.00915844875855098,-0.265290370828336,"TeDDi"
"TeDDi","Voisivatko Meksiko tai tuo hulttiojengi muka muuttaa sitä?",58,0.621852454733249,0.70157446849512,-0.697783815480896,-0.24578667351887,"TeDDi"
"TeDDi","Käsitit väärin.",15,0.0394999138817867,-0.0306835353293302,0.491056894698723,-0.241467997686059,"TeDDi"
"TeDDi","ja kun aurinko laski, sulki se lehtensä, nukkui ja näki koko yön unta",69,0.550556069214412,0.562276241223309,-1.00791617465819,-0.436951589059452,"TeDDi"
"TeDDi","-Et tarkoita sitä.",18,0.238913184270889,0.150677404039801,0.491056894698723,-0.487632520156257,"TeDDi"
"TeDDi","Se ylikompensoi, koska se ei pysty pumppaamaan verta kunnolla.",62,0.709527987572461,0.73185662663628,-0.839540743480425,-0.205148641911768,"TeDDi"
"TeDDi","Näytä, miltä tuntuu!",20,0.202825847774438,0.138074060279984,0.244797033304372,-0.306248135178217,"TeDDi"
"TeDDi","Helvetti!",9,-0.287434238990265,-0.49224649621951,0.901489997022639,-0.0568446058334107,"TeDDi"
"TeDDi","Ehkä paikka on kirottu.",23,0.419735882811396,0.444311637201478,0.276917884790591,-0.174332218830551,"TeDDi"
"TeDDi","Hän ojensi kätensä, ja Rose pisti ujosti pienen kätensä pojan",61,0.493623950095634,0.112268528751758,-1.00265046129979,-0.487632520156257,"TeDDi"
"TeDDi","Operaatiota johtaneet ihmiset, kuten CIA:n johtaja Panetta- joutuivat selittämään tilanteen presidentti Obamalle- ja varapresidentti Bidenille.",143,0.90299446212479,0.827221023286813,-1.19659809947235,-0.244935103636344,"TeDDi"
"TeDDi","ollessani pakotettu kätkeytymään, mitä taas ei voinut välttää, jos",66,0.644593872209358,0.744681639204828,-0.964115013540616,-0.116492163201188,"TeDDi"
"TeDDi","""Nyt tiedät, Anni, mitä me saamme vartoa"", huokasi Vappu tuskallisesti",70,0.883365688326355,1.0190215946302,-0.705062432073833,-0.237900395911129,"TeDDi"
"TeDDi","1589 on hän laivoja rakennuttamassa, Mölsta-harjun tykönä Smolannissa.",70,1.00147019462845,1.17783496420642,-0.493982550878677,-0.237900395911129,"TeDDi"
"TeDDi","Jo on aikakin, pikku paska.",27,0.192988188563265,0.192104252893264,-0.329809309949112,-0.355082392672304,"TeDDi"
"TeDDi","sanon sen peittelemättä, myöskin minua innostuttaa. Jos minä olisin",67,0.604887520628643,0.675709739549225,-0.924018428238959,-0.226548935718168,"TeDDi"
"TeDDi","Ovatko ne polttojälkiä?",23,0.531130878556753,0.514891022298269,0.437522142221689,-0.330982369493404,"TeDDi"
"TeDDi","Meillä on ikuinen side Shaolinin kanssa.",40,0.466739265379723,0.519101905142302,-0.493982550878677,-0.31089901684432,"TeDDi"
"TeDDi","Kuka nyt pakenee?",17,0.195511721179627,0.06328224614843,0.418627523700385,-0.272238562994834,"TeDDi"
"TeDDi","- Onko se totta?",16,0.150875134105068,0.100656769267433,0.568013101384456,-0.257878965850739,"TeDDi"
"TeDDi","Kuvitella.",10,0.0255694710492802,-0.15483112455253,1.35296640957895,-0.104709929647061,"TeDDi"
"TeDDi","On hienoa, että tulitte.",24,0.354319829836729,0.375729034145258,0.183232067955784,-0.187953971062103,"TeDDi"
"TeDDi","décorum, j'en appelle à vous-même, ai-je jamais péché, au moindre degré, contre",79,0.973085961056395,0.928535623408151,-0.802586680980456,-0.399265768500289,"TeDDi"
"TeDDi","Ils m'ont lâché deux fois !",27,0.799892719498767,0.945154405567047,0.764678962914667,-0.487632520156257,"TeDDi"
"TeDDi","Praxi-Blassans, et le comité de patronage, me remercient...? Je vais lui",72,0.920011449274407,1.12961176843867,-0.637634136692048,-0.342014070244309,"TeDDi"
"TeDDi","Vas-y, je le referme.",21,0.338131410682522,0.379697744383969,0.491056894698723,-0.487632520156257,"TeDDi"
"TeDDi","J'ai détesté la Russie, ce qu'ils font subir aux gens.",54,0.853556850113339,1.14636771160248,-0.329809309949112,-0.422607929315073,"TeDDi"
"TeDDi","Viens!",6,-0.398376214254635,-0.730797042581842,1.72235620167047,-0.487632520156257,"TeDDi"
"TeDDi","l'attendait pleine d'impatience, la voyant radieuse, se jeta dans ses",69,0.611794166640074,0.725094680687848,-0.900846669704125,-0.436951589059452,"TeDDi"
"TeDDi","Je voulais juste être votre ami.",32,0.561796755867372,0.268932887013463,-0.124592758787152,-0.487632520156257,"TeDDi"
"TeDDi","T'as pas fini avec tes piques?",30,0.490717743592789,0.468170618471804,-0.00146282808997881,-0.487632520156257,"TeDDi"
"TeDDi","leur dit : « Vous m'avez amené cet homme comme soulevant le peuple , et voici , après l'avoir examiné en votre présence , je ne l'ai , pour mon compte , trouvé coupable d'aucune des choses dont vous l'accusez ;",210,0.879392523074538,0.800566381484926,-1.46143200635648,-0.438164051525883,"TeDDi"
"TeDDi","par tous les moyens que cette même amitié peut inspirer, à détourner",68,0.695376119421775,0.831199580221277,-0.830779126020948,-0.436195157252037,"TeDDi"
"TeDDi","Je vous fais Chris Farley ?",27,0.60236951776639,0.588123679879018,0.354245860590751,-0.487632520156257,"TeDDi"
"TeDDi","C'est un salaire honorable.",27,0.605289736258895,0.593735956488228,0.217434826482779,-0.487632520156257,"TeDDi"
"TeDDi","- Si elle m'irait ?",19,0.218341504838832,0.276380991719955,0.361446441333275,-0.296171224901659,"TeDDi"
"TeDDi","[79] Achilles de Harlai, premier président du parlement de",58,0.809259757343474,0.65768576974998,-0.506720129916316,-0.427171058496911,"TeDDi"
"TeDDi","et de l'île du Prince-Edouard. Comment nos hommes",49,0.802686403157691,0.898428074914958,-0.313056938425684,-0.344036548715308,"TeDDi"
"TeDDi","Répond lui !",12,0.259558064821812,0.141061271808642,1.41453137492753,-0.487632520156257,"TeDDi"
"TeDDi","Plaidoieries civiles prononcées aux audiences du matin du",57,0.665529130801147,0.543711785128905,-0.740242412273028,-0.487632520156257,"TeDDi"
"TeDDi","Que mon passé reviendrait referait surface un jour.",51,0.693406243595569,0.622472360432418,-0.522954299278013,-0.418706453864602,"TeDDi"
"TeDDi","dans les laboratoires des pharmaciens du Nord. Se",49,0.684755366685144,0.684922844151242,-0.463828282136513,-0.487632520156257,"TeDDi"
"TeDDi","Je suis M. L’Ambert; permettez-moi",34,0.761885378033749,0.894548582261477,0.201339410705369,-0.383199086381022,"TeDDi"
"TeDDi","J'essaie...",11,-0.336343338082213,-0.520348296094604,0.379120594064925,0.546258474218575,"TeDDi"
"TeDDi","Ouais, ça serait bien.",22,0.426086904199356,0.400989598127332,0.379120594064925,-0.487632520156257,"TeDDi"
"TeDDi","Nur die Ruhe!",13,0.117922254438595,-0.0355227703035642,0.869918219920798,-0.487632520156257,"TeDDi"
"TeDDi","Er kann froh sein, dass er noch lebt.",37,0.65126044791485,0.807859425119079,-0.0746752193153265,-0.296171224901659,"TeDDi"
"TeDDi","Norma, bleib bei uns.",21,0.520651890505776,0.46145270519141,0.666956795694685,-0.487632520156257,"TeDDi"
"TeDDi","ganz nach seinen Wünschen einzurichten.",39,0.440598217233703,0.404310319797594,-0.45609641835647,-0.487632520156257,"TeDDi"
"TeDDi","Ihr bringt die Sprengladungen an, wir geben Delaney das Gegengift und erklären ihr alles, das wird interessant.",111,0.788435368352434,0.807237108353847,-1.10630436839976,-0.424972459891116,"TeDDi"
"TeDDi","Rafft ihr nicht, was hier abgeht?",33,0.589408999919331,0.645431518565572,-0.0686246084702552,-0.379935541575546,"TeDDi"
"TeDDi","Was sollen wir machen?",22,0.552043338046208,0.53745510415667,0.54702504501562,-0.323522838509459,"TeDDi"
"TeDDi","Wer ist das süße Kind am Kühlschrank?",37,0.729177316846737,0.823161736046741,-0.0746752193153265,-0.487632520156257,"TeDDi"
"TeDDi","Das ist...",10,-0.349838946649779,-0.546219983861978,0.614186825395897,0.278212660862136,"TeDDi"
"TeDDi","Dass Ihr Euch als König des nördlichsten Königreichs bezeichnet, macht Euch zu einem Aufrührer.",95,0.965552847426214,0.88688194981838,-0.921697046984654,-0.450969718937292,"TeDDi"
"TeDDi","Jederzeit.",10,-0.191934719671431,-0.27123725371905,0.983576617487422,-0.487632520156257,"TeDDi"
"TeDDi","Halte sie am Leben.",19,0.301448992722176,0.309649744924004,0.555862121381444,-0.487632520156257,"TeDDi"
"TeDDi","Und schon habe ich dich",23,0.213773847622248,0.0260866113689948,-0.044290630071602,-0.487632520156257,"TeDDi"
"TeDDi","Der Beauftragte bittet Sie zu sich.",35,0.582150591370481,0.740445034523617,-0.0718227884883642,-0.386270657962646,"TeDDi"
"TeDDi","Ich sah Sie.",12,0.127971209006519,-0.0351832892456389,1.1067065481846,-0.487632520156257,"TeDDi"
"TeDDi","wôh gerihtan.",13,0.360851834405286,0.298251902529922,1.43821020775391,-0.487632520156257,"TeDDi"
"TeDDi","aus den Fernen: ein lieber, vergessener Laut — ein besonderer",61,0.460309873410015,0.5734158652541,-0.760427646813549,-0.430194131579878,"TeDDi"
"TeDDi","Strahlen des Abends.",20,0.469482170113142,0.360166562302384,0.614186825395897,-0.487632520156257,"TeDDi"
"TeDDi","wurde ich krank, und der Stabsarzt, ein Landsmann",49,0.712300082469689,0.760535354828094,-0.463828282136513,-0.415834534435783,"TeDDi"
"TeDDi","Na gut.",7,-0.222792697369767,-0.505303071613887,1.72235620167047,-0.487632520156257,"TeDDi"
"TeDDi","immediate access to, the full Project Gutenberg-tm License must appear",70,0.869794175100528,1.10759875361646,-0.652292461775045,-0.237900395911129,"TeDDi"
"TeDDi","Ich mach das Scheißding klar.",29,0.681167990883417,0.780447851515447,0.321222507530206,-0.487632520156257,"TeDDi"
"TeDDi","Hewlett hat eine weie Weste.",28,0.115573503298122,0.27374676237654,-0.256517684534126,-0.359991656653192,"TeDDi"
"TeDDi","- und diese Abteilung braucht einen Erfolg.",43,0.805125855687919,0.956179746657115,-0.167545060193143,-0.487632520156257,"TeDDi"
"TeDDi","Eine Kreatur, die über das menschliche Begriffsvermögen hinausgeht.",67,0.917127045304278,1.0446251694933,-0.593221599500281,-0.435415803268639,"TeDDi"
"TeDDi","führt, damit Du vermuthen kannst, in welchem",44,0.81205103994213,0.811763187619857,-0.2085449842625,-0.40748593144503,"TeDDi"
"TeDDi","Er versteht mich und lässt mich mein Ding machen.",49,0.700394827679379,0.565664514416779,-0.463828282136513,-0.415834534435783,"TeDDi"
"TeDDi","denke, ihr bekommt herrlichen Sternenschein zu eurer",52,0.564254358598834,0.656192857796089,-0.621848248141129,-0.352483370564776,"TeDDi"
"TeDDi","»Aber so sage mir doch, was ist dir? Was",40,0.659667390291443,0.765813506197417,-0.124592758787152,-0.487632520156257,"TeDDi"
"TeDDi","versank.",8,-0.0706953368013757,-0.305163412328664,1.72235620167047,-0.487632520156257,"TeDDi"
"TeDDi","sollen oft so angegriffen sein, daß sie ärztliche Behandlung",60,0.774521596349928,0.882605346214487,-0.678677446924439,-0.37080867898396,"TeDDi"
"TeDDi","aussah. Auch der Pfarrer wurde alsbald von einer",48,0.676602818367935,0.829354901407899,-0.432417585530088,-0.340981315280395,"TeDDi"
"TeDDi","परन्तु बन्धुआई से आए हुए लोगों ने वैसा ही किया । तब एज्रा याजक और पितरों के घरानों के कितने मुख्य पुरुष अपने अपने पितरों के घराने के अनुसार अपने सब नाम लिखा कर अलग किए गए , और दसवें महीने के पहिले दिन को इस बात की तहकीकात के लिये बैठे ।",236,1.09899258948925,0.980597993102363,-1.37676154553808,-0.487632520156257,"TeDDi"
"TeDDi","जब उसके मुद्दई खड़े हुए , तो उन्होंने ऐसी बुरी बातों का दोष नहीं लगाया , जैसा मैं समझता था ।",92,1.12460246884866,1.33161468464887,-0.606405531080447,-0.487632520156257,"TeDDi"
"TeDDi","Ini disebut sebagai Pemakaman Surgawi.",38,0.701302231154042,0.713860664736357,-0.124592758787152,-0.487632520156257,"TeDDi"
"TeDDi","Serius, aku masih minum obat.",29,0.606166545807305,0.660359472154988,0.193846717153816,-0.487632520156257,"TeDDi"
"TeDDi","Tapi kurasa kita semua bertengkar dengan orang tua kita, kan?",61,0.559730317264777,0.475976898318103,-0.820983350435107,-0.487632520156257,"TeDDi"
"TeDDi","Tee, kau melihatnya?",20,0.518634301731134,0.638062463147616,0.798881721441659,-0.306248135178217,"TeDDi"
"TeDDi","Biarlah lidahku melekat pada langit-langit mulutku , jikalau aku tidak mengingatmu , dan jikalau aku tidak menjadikan Yerusalem pokok kegembiraanku .",149,0.715136104798071,0.457107891617503,-1.37655145010406,-0.464346686949617,"TeDDi"
"TeDDi","Subtitle by 100Malay Silakan duduk, semua.",42,0.803476812464076,0.844984286778248,-0.212542709285135,-0.4035763417518,"TeDDi"
"TeDDi","Kerjamu bagus hari ini.",23,0.505217850842686,0.509834457641137,0.437522142221689,-0.487632520156257,"TeDDi"
"TeDDi","Tenang.",7,-0.448370164481688,-0.718943346557877,1.19465649868258,-0.487632520156257,"TeDDi"
"TeDDi","Apa lagi?",9,-0.111985097903214,-0.310166719464631,1.31192309934655,-0.487632520156257,"TeDDi"
"TeDDi","Di mana kode satelit itu?",25,0.460865312552802,0.488566241927571,0.244797033304372,-0.487632520156257,"TeDDi"
"TeDDi","Jadi siapapun yang mengambil jasadnya menghidupkannya kembali?",62,0.649565514899833,0.587229595634561,-0.839540743480425,-0.43113574450736,"TeDDi"
"TeDDi","Semoga akhir pekanmu menyenangkan, Pat./ Kau juga.",50,0.751256863026595,0.877097231840131,-0.346226634042067,-0.487632520156257,"TeDDi"
"TeDDi","Di sanalah kita selalu temukan cara dan keinginan untuk berjuang.",65,0.594341630892849,0.691272688263252,-0.834957743578545,-0.487632520156257,"TeDDi"
"TeDDi","Jangan pernah menyentuhku lagi.",31,0.577747798249804,0.704956220736409,0.0541442373861674,-0.487632520156257,"TeDDi"
"TeDDi","Mereka telah menangkap seorang desertir dari Night's Watch.",59,0.782220445307385,0.9484794314774,-0.594156053818753,-0.487632520156257,"TeDDi"
"TeDDi","Nenek?",6,-0.66154992588522,-0.945486711898883,1.1067065481846,-0.487632520156257,"TeDDi"
"TeDDi","Bagaimana keadaanmu?",20,0.0393274905036304,0.225658823980296,0.244797033304372,-0.306248135178217,"TeDDi"
"TeDDi","Itu sangat manis.",17,0.195511721179627,0.0343372309277432,0.418627523700385,-0.487632520156257,"TeDDi"
"TeDDi","正解だったみたいよ",9,-0.111985097903214,-0.326081837929741,1.31192309934655,-0.487632520156257,"TeDDi"
"TeDDi","我々の魂のように　彼らは生物です",16,0.620135656228896,0.700450543940068,1.49148758161327,-0.487632520156257,"TeDDi"
"TeDDi","{cH00ffff}そうでしょお　母さん？",21,0.652606249773906,0.870089320845922,1.01875659768662,0.201628142760297,"TeDDi"
"TeDDi","この先 どうしようもなく 誰かを好きになることはできない",28,0.996597670409268,1.1597918740022,0.930806647188633,-0.487632520156257,"TeDDi"
"TeDDi","誰かが発砲するさ",8,-0.0706953368013757,-0.305163412328664,1.72235620167047,-0.487632520156257,"TeDDi"
"TeDDi","これだ",3,-1.18789734914637,-1.65867035608523,1.72235620167047,-0.487632520156257,"TeDDi"
"TeDDi","それを 盗むだけにしないか？",14,0.566728437521972,0.575337425281683,1.72235620167047,-0.487632520156257,"TeDDi"
"TeDDi","それで...",6,-1.02405691041974,-1.25752640225489,0.491056894698723,0.890888805676852,"Aurignacien"
"TeDDi","卒業のこととかって 考えんの？",15,0.434774986161642,0.413442991205421,1.22983647888177,-0.241467997686059,"TeDDi"
"TeDDi","それで分かる",6,-0.398376214254635,-0.730797042581842,1.72235620167047,-0.487632520156257,"TeDDi"
"TeDDi","手で投げればいいのに変な奴だなぁ",16,0.521445514367428,0.515886028356794,1.26061896155606,-0.257878965850739,"TeDDi"
"TeDDi","また 誰かとやり合うのか",12,0.259558064821812,0.134323725917729,1.41453137492753,-0.487632520156257,"TeDDi"
"TeDDi","トレイシー・ブッカー　8歳",13,0.360851834405286,0.290721096252948,1.43821020775391,-0.487632520156257,"TeDDi"
"TeDDi","そうね。",4,-0.860216471693114,-1.2920837203725,1.72235620167047,-0.487632520156257,"TeDDi"
"TeDDi","だめよ",3,-1.18789734914637,-1.65867035608523,1.72235620167047,-0.487632520156257,"TeDDi"
"TeDDi","""バルジャー 1975年からFBI密告者""",21,0.953376205923139,1.11259328188838,1.54645630067451,-0.487632520156257,"TeDDi"
"TeDDi","そうだ",3,-1.18789734914637,-1.65867035608523,1.72235620167047,-0.487632520156257,"TeDDi"
"TeDDi","섬을 꽤나 신중하게 방어했었군요",17,0.567051078775734,0.665076478405411,1.28777997568044,-0.487632520156257,"TeDDi"
"TeDDi","누구야?",4,-0.860216471693114,-1.2920837203725,1.72235620167047,-0.487632520156257,"TeDDi"
"TeDDi","그가 왜 그랬을까요?",11,0.00493704164420209,-0.0989868039425609,1.0507383978677,-0.487632520156257,"TeDDi"
"TeDDi","이에 내가 그들에게 이르기를 너희가 다니는 산당이 무엇이냐 하였노라 ( 그것을 오늘날까지 바마라 일컫느니라 )",61,1.28465516085302,1.91295030859195,0.39013072199612,-0.487632520156257,"TeDDi"
"TeDDi","알겠어요 제가 바로 여기서 같이 있어드리면 괜찮겠어요?",30,0.796252961028203,0.957873472238817,0.614186825395897,-0.487632520156257,"TeDDi"
"TeDDi","잘 주무셨어요?",8,-0.0706953368013757,-0.305163412328664,1.72235620167047,-0.487632520156257,"TeDDi"
"TeDDi","벤은 안에 있어요",9,-0.111985097903214,-0.310166719464631,1.31192309934655,-0.487632520156257,"TeDDi"
"TeDDi","그들은 당신이 도망가게 놔두지 않을 겁니다",23,0.73366483116775,0.978077245001407,1.07993917194608,-0.487632520156257,"TeDDi"
"TeDDi","좋은 책이지",6,-0.398376214254635,-0.730797042581842,1.72235620167047,-0.487632520156257,"TeDDi"
"TeDDi","망할!",3,-1.18789734914637,-1.65867035608523,1.72235620167047,-0.487632520156257,"TeDDi"
"TeDDi","혼자?",3,-1.18789734914637,-1.65867035608523,1.72235620167047,-0.487632520156257,"TeDDi"
"TeDDi","거인들이 있어!",8,-0.0706953368013757,-0.305163412328664,1.72235620167047,-0.487632520156257,"TeDDi"
"TeDDi","Σταμάτα!",8,-0.465455904247245,-0.808662072019082,0.798881721441659,-0.487632520156257,"TeDDi"
"TeDDi","Ελπίζω να μην τρελάνετε τον νεαρό με τις ιστορίες σας.",54,0.736968432978508,0.741686279303699,-0.535025861111068,-0.487632520156257,"TeDDi"
"TeDDi","Εκτιμώ την εμπιστοσύνη σου.",27,0.605289736258895,0.601250301993184,0.217434826482779,-0.487632520156257,"TeDDi"
"TeDDi","τραβούσαν κι' ο Δάφνης ανέβηκε κρατώντας την κορδέλα, που την",61,0.872349795374756,0.955836048051831,-0.457649128705738,-0.487632520156257,"TeDDi"
"TeDDi","Όχι.",4,-0.860216471693114,-1.2920837203725,1.72235620167047,-0.487632520156257,"TeDDi"
"TeDDi","Δεν ξέρω πόσο ακόμα μπορώ να συνεχίσω.",38,0.794595061009388,0.849284404925372,-0.0273849187630679,-0.487632520156257,"TeDDi"
"TeDDi","Πως θέλει αυτό που δεν μπορείς να έχεις.",40,0.846545681477186,0.915777617602406,0.06010213725861,-0.487632520156257,"TeDDi"
"TeDDi","Κι εγώ είμαι σίγουρη.",21,0.549032825621185,0.53789655457604,0.666956795694685,-0.487632520156257,"TeDDi"
"TeDDi","Θα 'στε κουρασμένοι μετά από τέτοιο ταξίδι.",43,0.818986312372185,0.969194566670377,-0.0816404573811619,-0.487632520156257,"TeDDi"
"TeDDi","Γιατί είσαι ένας ανούσιος μικρός καταραμένος πόνος στον πισινό.",63,0.683341770294573,0.622313255353946,-0.857509012937001,-0.487632520156257,"TeDDi"
"TeDDi","εις ενύπνιον. Αλλ' οι κυνηγοί εκείνοι ηθέλησαν να ακούσουν εκ",61,0.717034162281299,0.827268181573763,-0.699871943191987,-0.430194131579878,"TeDDi"
"TeDDi","θα είναι για επίδειξη παρά για κατοικία, δεν πρέπει ν'",54,0.630427578381071,0.693437345067541,-0.603431378165056,-0.487632520156257,"TeDDi"
"TeDDi","συμφωνίες. Κάθε υποχρέωση την θεωρούσε μιαν αλυσίδα στο λαιμό της,",66,1.11964933608574,1.17660373513642,-0.404433510371642,-0.487632520156257,"TeDDi"
"TeDDi","το ξέρετε καλά, όχι δεν είμαστε γεννημένοι εμείς για τη βασανισμένη",67,0.83459807610184,0.886231789787436,-0.648354404290059,-0.435415803268639,"TeDDi"
"TeDDi","Είναι ξεκάθαρο ότι δεν θέλει να εμπλακώ.",40,0.834442755687829,0.932655958608107,0.06010213725861,-0.487632520156257,"TeDDi"
"TeDDi","Και για τις γυναίκες;",21,0.341885977315743,0.372703799502699,0.315156993702757,-0.487632520156257,"TeDDi"
"TeDDi","του πατρός.",11,0.148486338897252,0.0239446377321583,1.38654729976908,-0.487632520156257,"TeDDi"
"TeDDi","σαν τι θα πει φοβόκαρδος και δείλια δεν γνωρίζει· 575",53,0.902373122226894,1.04703694784852,-0.229137039567773,-0.487632520156257,"TeDDi"
"TeDDi","Μοιρολογάει το σκοτωμό και κάπου κάπου οι λύκοι",47,0.532544133983724,0.439235829056786,-0.478263836321592,-0.487632520156257,"TeDDi"
"TeDDi","αισθητή. Αλλά τότε το ζήτημα περιεπλάκη και πάλιν, αναφανεισών δύο",66,0.974905403994849,1.11872919598546,-0.516369811005436,-0.434612469162676,"TeDDi"
"TeDDi","Δεν μπορούσα να μείνω άλλο στην Αθήνα. Μα πάλι πώς να παρουσιαστώ στο",69,0.885635847466119,0.932598816418636,-0.579638154841927,-0.436951589059452,"TeDDi"
"TeDDi","ηδύνατο, υποτασσομένη υπό των Αράβων, να εξισλαμισθή, καταστρεφομένου ούτως",75,1.10298689994209,1.10830736901752,-0.543234523157546,-0.441060853742977,"TeDDi"
"TeDDi","αλλέως να είναι ωραίαι και αι δύο και η καθεμία. Απάντησε εις εμέ ως",68,0.7388961560032,0.803632588093589,-0.66781304127469,-0.436195157252037,"TeDDi"
"TeDDi","Η αvαπηρία του είvαι μοvάχα έvα χαρακτηριστικό της προσωπικότητας του.",70,0.840974887834641,0.814275077429024,-0.757832402372622,-0.487632520156257,"TeDDi"
"TeDDi","ηδονάς είναι ακολασία και αξιοκατάκριτον πράγμα, έγινε φανερόν. Ως",66,0.922385985279623,1.13687946189992,-0.516369811005436,-0.487632520156257,"TeDDi"
"TeDDi","Συνήθιζα να ξαπλώνω άγρυπνη και να εύχομαι πως ήμουν εγώ ο γιος.",64,0.924373180553535,1.04052372619405,-0.470895688872957,-0.487632520156257,"TeDDi"
"TeDDi","אבל נכנעתי לאחת הבקשות שלך.",27,0.568880749875198,0.593592754375515,0.217434826482779,-0.487632520156257,"TeDDi"
"TeDDi","תוכל לתאר את הבחור הזה?",23,0.256514831637889,0.181619420497606,-0.044290630071602,-0.487632520156257,"TeDDi"
"TeDDi","יישן שנתו לאט לאט. הזבובים הקטנים והיתושים הנם הראשונים המרגישים את",67,0.611954848418077,0.464864020221392,-0.924018428238959,-0.435415803268639,"TeDDi"
"TeDDi","החדר הצמוד, מכאן.",17,0.416340202179073,0.394268241846817,0.853203749690412,-0.487632520156257,"TeDDi"
"TeDDi","לואיס, אני יכול לדבר איתך לרגע?",31,0.546036745593037,0.638797530588064,0.0541442373861674,-0.487632520156257,"TeDDi"
"TeDDi","לא היינו צריכים להיכנס לשם.",27,0.368437329650316,0.327324107427032,-0.0561872417331681,-0.355082392672304,"TeDDi"
"TeDDi","תענוגו ואם יחכם איש מכל אשר לפניו ולו מאות אלף לשונות ומאה",58,0.468302791973311,0.531146139964298,-0.825159605857285,-0.487632520156257,"TeDDi"
"TeDDi","זקן.",4,-0.860216471693114,-1.2920837203725,1.72235620167047,-0.487632520156257,"TeDDi"
"TeDDi","אני חושש, בצרפת, אנחנו רחוקים חיסוניים.",39,0.575323359476692,0.50714921441909,-0.36138108705095,-0.306248135178217,"TeDDi"
"TeDDi","Pe táva guasu oñemboja'o mbohapy hendápe , ha táva oĩva guive ko yvy ári ho'apa ; ha Tupã imandu'a táva Babilóniare , ho'uka haguã chupe kaguýicha pe ñenupã ha'e omondóva chupe ipochýgui .",188,1.05785266693697,0.931741864824574,-1.28384795737226,-0.487632520156257,"TeDDi"
"TeDDi","Machojab mac chexak'ni subchaho yu tzoti' caw sucal yehi . Yuton sunil huntek'an machiswalil tu' , yuxinto chitit ishowal Comam Dios yiban̈ anma mach chiyijen tzet chala .",171,0.901795768887308,0.920923257298824,-1.36669293687269,-0.487632520156257,"TeDDi"
"TeDDi","Для одного человека.",20,0.42033003849515,0.470155899882036,0.614186825395897,-0.487632520156257,"TeDDi"
"TeDDi","С тобой я танцевать не хочу.",28,0.591558440756778,0.723548683118442,0.271182018453766,-0.487632520156257,"TeDDi"
"TeDDi","-  рутой парень!",16,0.521445514367428,0.522004808456837,1.26061896155606,-0.487632520156257,"TeDDi"
"TeDDi","Тереза Мэй висит на ниточке.",28,0.693340135182799,0.713776771479189,0.40310694420074,-0.487632520156257,"TeDDi"
"TeDDi","Кажется, я потерял уверенность в себе, Джордж.",46,0.796661854063115,0.903133027287582,-0.285197016218249,-0.411048002054418,"TeDDi"
"TeDDi","Благодаря нам город вообще появился.",36,0.699038425596088,0.808343892639376,-0.0219844832061725,-0.389166711168178,"TeDDi"
"TeDDi","- Вы такая милая.",17,0.25333775837726,0.206041750519724,0.6359156366954,-0.487632520156257,"TeDDi"
"TeDDi","Но я абсолютно в порядке.",25,0.658708650626319,0.842311282308959,0.688064783814202,-0.487632520156257,"TeDDi"
"TeDDi","- (дэвид) Эми?",14,0.228362236854091,0.114259104234654,0.930806647188633,-0.487632520156257,"TeDDi"
"TeDDi","Но за это время я понял, что я не крутой.",41,0.656545659634368,0.796469586214761,-0.0795452231662331,-0.487632520156257,"TeDDi"
"TeDDi","Я получил твоё сообщение.",25,0.634868665129378,0.732505992125018,0.540308866977592,-0.344036548715308,"TeDDi"
"TeDDi","Прекрасно.",10,0.0255694710492802,-0.111158614627991,1.35296640957895,-0.487632520156257,"TeDDi"
"TeDDi","Формально, один дроид, то есть я, ЭйПи-5.",41,0.839671717048552,1.02603106802909,0.0105498480756022,-0.487632520156257,"TeDDi"
"TeDDi","От боли или...?",15,-0.0657695707704427,-0.238100278598805,0.244797033304372,0.00469652478413924,"TeDDi"
"TeDDi","Откуда у Робби Мортона взялись такие деньги?",44,0.942054890890087,1.07845284744072,-0.0406405333118048,-0.40748593144503,"TeDDi"
"TeDDi","Сына официантки.",16,0.28681525330551,0.2193597883082,0.798881721441659,-0.487632520156257,"TeDDi"
"TeDDi","Cuando lo pusimos contra el Ferrari y el McLaren",48,0.701699514775136,0.718149330756974,-0.432417585530088,-0.414306917718326,"TeDDi"
"TeDDi","por medio de la fuerza: pero que, estando esta á cargo de los",61,0.652572350323288,0.659179007138377,-0.639316239570425,-0.487632520156257,"TeDDi"
"TeDDi","conclusiones prácticas relativas á la industria oleícola, expuestos en",70,0.701122927607616,0.667356955872586,-0.968912283567782,-0.487632520156257,"TeDDi"
"TeDDi","[279]",5,-0.606047436864111,-0.989194175462589,1.72235620167047,-0.487632520156257,"TeDDi"
"TeDDi","percepcion y del juicio, haciendo ver que el entendimiento no se",64,0.61202941156594,0.6887568878826,-0.75948146394446,-0.487632520156257,"TeDDi"
"TeDDi","al crimen.",10,0.183473698027628,0.0383895778328032,1.72235620167047,-0.487632520156257,"TeDDi"
"TeDDi","Todo lo que puedo hacer es cumplir con la orden judicial... pedirle a Dios que pueda convencer al juez de que soy una mujer diferente.",134,0.756551145238513,0.781178614329296,-1.28238165937253,-0.435808410162531,"TeDDi"
"TeDDi","El Limense Concilio fué informado:",34,0.723907738974975,0.844466226690414,0.0926953542078633,-0.487632520156257,"TeDDi"
"TeDDi","- No, no lo hizo.",17,0.0448008445829591,0.100264656156714,0.418627523700385,-0.487632520156257,"TeDDi"
"TeDDi","Cumplan mis leyes y guarden mis mandamientos ; pónganlos en práctica y así vivirán seguros en la tierra ,",105,0.820924072277847,0.742313086172871,-1.12722219446415,-0.454494988285269,"TeDDi"
"TeDDi","Sí.",3,-1.18789734914637,-1.65867035608523,1.72235620167047,-0.487632520156257,"TeDDi"
"TeDDi","Pues, ¿qué tal la Academia Olympia?",35,0.798922427178451,0.939243849519873,0.244797033304372,-0.487632520156257,"TeDDi"
"TeDDi","Hasta aqui solo se ha hablado de estos empleados como dependientes",66,0.516750699596632,0.526874680405978,-0.964115013540616,-0.487632520156257,"TeDDi"
"TeDDi","Da igual, podemos hacerlo sin él.",33,0.780808062923395,0.918916870765307,0.267184293431131,-0.487632520156257,"TeDDi"
"TeDDi","Aunque me dijera que no lo haga nunca.",38,0.547827177270905,0.549649231378693,-0.221800598811237,-0.487632520156257,"TeDDi"
"TeDDi","Cuyo valor, pesos oro, fué de 100.589.",38,0.849758113849116,1.02441723975487,0.167030761285105,-0.394489187329696,"TeDDi"
"TeDDi","Me entregan a ti directamente y sin hacer preguntas.",52,0.519001892066998,0.63178903149644,-0.692884746620268,-0.487632520156257,"TeDDi"
"TeDDi","—Hay que ser consecuente—murmuró Leguía,",40,0.738619503780617,0.794114214382008,-0.124592758787152,-0.487632520156257,"TeDDi"
"TeDDi","Te ofrezco un trato.",20,0.360730074752786,0.333907802951019,0.429491929350135,-0.487632520156257,"TeDDi"
"TeDDi","ay gumagamit ng̃ pamalò.... ang aming ginagamit ay ibáng paraan na",66,0.330489021224053,0.21791273219091,-1.02008316385751,-0.275552316181933,"TeDDi"
"TeDDi","- ไม่",5,-0.606047436864111,-0.989194175462589,1.72235620167047,-0.487632520156257,"TeDDi"
"TeDDi","โช เล่าให้ฟังว่าคุณถามเขาว่าจะแหกเข้า",37,0.969130127151528,1.03225732134674,0.424500175402953,-0.487632520156257,"TeDDi"
"TeDDi","ระบบการสื่อสารเป็นอัมพาต",24,0.670445423723354,0.778348117727738,0.644969308070189,-0.33779324560918,"TeDDi"
"TeDDi","เกือบๆ 40 ปี.",13,0.360851834405286,0.290721096252948,1.43821020775391,-0.487632520156257,"TeDDi"
"TeDDi","ผมเอง พ่อผมมาถึงเมื่อไหร่ครับ",29,0.70171970251871,0.766001502962582,0.321222507530206,-0.364550258921158,"TeDDi"
"TeDDi","ขอให้ผู้ที่เต้นที่ดีครับ",24,0.736238851630995,0.755696290291149,0.798881721441659,-0.487632520156257,"TeDDi"
"TeDDi","สิ่งที่เกิดขึ้นหลังจากที่คุณให้ คำสั่งของคุณหรือไม่",51,1.24787116928588,1.29545444488747,0.128910039707031,-0.487632520156257,"TeDDi"
"TeDDi","บายครับ",7,-0.448370164481688,-0.763607400130499,1.19465649868258,-0.487632520156257,"TeDDi"
"TeDDi","1 ชั่งโมงที่มีค่า...",20,0.360730074752786,0.301104863484976,0.429491929350135,-0.124863750200175,"TeDDi"
"TeDDi","นายได้รับบาดเจ็บมาก \จากรถบัสนั่น",33,0.741679586317388,0.797037979646757,0.155247992797337,-0.379935541575546,"TeDDi"
"TeDDi","เอาล่ะ, ฉันได้ยินมามากพอล่ะ",27,0.82488699863659,0.695311002473659,0.627867928806695,-0.487632520156257,"TeDDi"
"TeDDi","จำพวกบริษัทผี, ใช่มัยค่ะ?",25,1.10084048616569,1.31524947119637,1.42684436799725,-0.487632520156257,"TeDDi"
"TeDDi","พี่คงคิดว่าฉันจะจำแม่ง ได้ทุกๆรายละเอียด",40,1.29847936174947,1.56024560376944,0.706534273418778,-0.487632520156257,"TeDDi"
"TeDDi","ที่ผู้บริหารที่ยอดเยี่ยมคนหนึ่ง ต้องรักในอาหารใช่ใหม",52,1.08753064758734,1.08591230781758,-0.124592758787152,-0.487632520156257,"TeDDi"
"TeDDi","ตักหิมะอยู่หรอ",14,0.341150970410051,0.235254386071043,1.19465649868258,-0.487632520156257,"TeDDi"
"TeDDi","ได้ยินอะไรมาเหรอ",16,0.422755372505961,0.348028562174954,1.02975034149886,-0.487632520156257,"TeDDi"
"TeDDi","เป็นรางวัลเล็ก ๆ น้อย ๆ เขาให้ ฉันมีโอกาสที่",44,1.11969956019962,1.25109709689317,0.211216143114234,-0.487632520156257,"TeDDi"
"TeDDi","พระกฤษณะ",8,-0.26807562052431,-0.546689290310331,1.26061896155606,-0.487632520156257,"TeDDi"
"TeDDi","แล้วผู้คนที่อยู่ในเดอะเกลดส์ล่ะ?",32,0.928301175405048,1.00449958003378,0.452578791355855,-0.487632520156257,"TeDDi"
"TeDDi","นี่เลย",6,-0.398376214254635,-0.730797042581842,1.72235620167047,-0.487632520156257,"TeDDi"
"TeDDi","ความยโสของมนุษย์ คือคิดไปเองว่าความคุบธรรมชาติได้",49,1.17000275645552,1.24286880195519,0.139257092706792,-0.415834534435783,"TeDDi"
"TeDDi","Sence onun suçu muydu?",22,0.251862809822614,0.381055850961024,0.211216143114234,-0.487632520156257,"TeDDi"
"TeDDi","Yapmamız gereken şeyi değiştirmez.",34,0.7002325542717,0.858596892543466,0.0926953542078633,-0.487632520156257,"TeDDi"
"TeDDi","Tatlım...",9,-0.353656420926235,-0.566718190729222,0.901489997022639,0.373943308489436,"TeDDi"
"TeDDi","Kimse polislerden daha zengin değil.",36,0.636430430970954,0.619375123282096,-0.124592758787152,-0.487632520156257,"TeDDi"
"TeDDi","Evet, eminim öyleydi.",21,0.445459401468464,0.445853435152216,0.491056894698723,-0.487632520156257,"TeDDi"
"TeDDi","Sahra Çölü'nde bir sürü ölüm oldu.",34,0.761885378033749,0.834079607692914,0.201339410705369,-0.487632520156257,"TeDDi"
"TeDDi","- Rajeesh.",10,0.0255694710492802,-0.142423452128827,1.35296640957895,-0.104709929647061,"TeDDi"
"TeDDi","Misty.",6,-0.398376214254635,-0.730797042581842,1.72235620167047,-0.487632520156257,"TeDDi"
"TeDDi","Bu kadar.",9,-0.111985097903214,-0.326081837929741,1.31192309934655,-0.487632520156257,"TeDDi"
"TeDDi","Belle, bunu yapmana müsaade edemem.",35,0.457279780848554,0.567748340267944,-0.282902669683521,-0.284908795769035,"TeDDi"
"TeDDi","Konuş.",6,-0.398376214254635,-0.730797042581842,1.72235620167047,-0.487632520156257,"TeDDi"
"TeDDi","Kart falan oynayabiliriz.",25,0.394549785789554,0.436992619529869,0.0970411164677625,-0.487632520156257,"TeDDi"
"TeDDi","- Az kaldı baba.",16,0.150875134105068,0.0506157029538204,0.568013101384456,-0.487632520156257,"TeDDi"
"TeDDi","Louise lig şampiyonluğundan çekiliyor mu?",41,0.830231644001329,0.844788768423864,-0.0795452231662331,-0.487632520156257,"TeDDi"
"TeDDi","Ama ders seçimini 15 Temmuz saat 02:00'de gönderdim.",52,0.890204075255195,1.03434788951993,-0.266665755745429,-0.284908795769035,"TeDDi"
"TeDDi","Beni dinle.",11,-0.13861225560884,-0.34621517648714,0.714929495966311,-0.487632520156257,"TeDDi"
"TeDDi","Gerçekten mi?",13,0.193540918466268,0.19163355656817,1.15406421383736,-0.487632520156257,"TeDDi"
"TeDDi","-Hey!",5,-0.606047436864111,-0.989194175462589,1.72235620167047,-0.487632520156257,"TeDDi"
"TeDDi","Ama yapmadın.",13,0.0720761284829267,-0.0279919640265905,0.869918219920798,-0.487632520156257,"TeDDi"
"TeDDi","Có nhớ bộ phim tài liệu chúng ta đã làm trước đây không?",56,1.02797496723484,1.30097596221249,-0.0586302959136653,-0.487632520156257,"TeDDi"
"TeDDi","Ronald.",7,-0.222792697369767,-0.505303071613887,1.72235620167047,-0.487632520156257,"TeDDi"
"TeDDi","Những giọng nói tăm tối từ sâu thẳm trong anh, thì thầm... thì thầm... và cuối cùng, anh sẽ thấy bản chất thật của thế giới này.",128,1.01187878142425,1.0713986199048,-0.874915773973062,-0.379087533870186,"TeDDi"
"TeDDi","Tôi không thấy đường!",21,0.549032825621185,0.523280869905794,0.666956795694685,-0.487632520156257,"TeDDi"
"TeDDi","xin anh đấy...",14,0.073002100625001,-0.0269939392252565,0.666956795694685,0.0425679897795544,"TeDDi"
"TeDDi","‫همین حالا می‌تونم برم بانک ‫و وام بگیرم",40,0.456237272842532,0.404617929336017,-0.493982550878677,-0.487632520156257,"TeDDi"
"TeDDi","اره",3,-1.18789734914637,-1.65867035608523,1.72235620167047,-0.487632520156257,"TeDDi"
"TeDDi","‫پس بیاید از مسیر مخالفش",24,0.473065140000419,0.518472887423149,0.337144481327253,-0.487632520156257,"TeDDi"
"TeDDi","‏کی می‌خواد انجامش بده؟",23,0.599784890286469,0.656372004706627,0.598126399652785,-0.487632520156257,"TeDDi"
"TeDDi","سادست",5,-0.921855890820806,-1.24682177864303,0.983576617487422,-0.487632520156257,"TeDDi"
"TeDDi","دونالد، دوباره ازت میپرسم",25,0.587188694135481,0.640389688849258,0.392552950140982,-0.487632520156257,"TeDDi"
"TeDDi","جواهرات فرانسوی، طراحی های فرانسوی",34,0.363751998876983,-0.0759228015330916,-0.450524928279674,-0.487632520156257,"TeDDi"
"TeDDi","حتما سنداستورم روی سیگنال‌ها پارازیت انداخته .تا اینجا رو مخفی نگه داره",71,0.653224773496827,0.773844148522099,-0.87898036235435,-0.487632520156257,"TeDDi"
"TeDDi","‫از کجا بدونم؟",14,0.341150970410051,0.308170473605278,1.19465649868258,-0.487632520156257,"TeDDi"
"TeDDi","باشه ؟",6,-0.398376214254635,-0.730797042581842,1.72235620167047,-0.487632520156257,"TeDDi"
"TeDDi","نه، فکر کردم تعميرشون کردم",26,0.375738103441292,0.142417500087583,0.0174802381711245,-0.487632520156257,"TeDDi"
"TeDDi","که عقب‌نشینی نیروهای آمریکایی فقط منوط به",41,0.559833288024843,0.529681748827608,-0.439925508133577,-0.401474937291688,"TeDDi"
"TeDDi","Nigbana ni o ṣore-ọfẹ fun u , o si wipe , Gbà a kuro ninu ilọ sinu ihò , emi ti ri irapada !",92,0.778617087278519,1.06887607605944,-0.767009788511543,-0.487632520156257,"TeDDi"
"TeDDi","另外万爱尔兰人妇女和儿童",12,0.391144920637104,0.326737329366181,1.72235620167047,-0.487632520156257,"TeDDi"
"TeDDi","去他娘的",4,-0.860216471693114,-1.2920837203725,1.72235620167047,-0.487632520156257,"TeDDi"
"TeDDi","真的好好吃",5,-0.921855890820806,-1.24682177864303,0.983576617487422,0.373943308489436,"TeDDi"
"TeDDi","欸你不教我打球拼什麼拼圖",12,0.259558064821812,0.141061271808642,1.41453137492753,-0.487632520156257,"TeDDi"
"TeDDi","你这么坚持了武器",8,-0.0706953368013757,-0.305163412328664,1.72235620167047,-0.487632520156257,"TeDDi"
"TeDDi","肖恩收手吧",5,-0.606047436864111,-0.989194175462589,1.72235620167047,-0.487632520156257,"TeDDi"
"TeDDi","您在海上工作",6,-0.398376214254635,-0.730797042581842,1.72235620167047,-0.487632520156257,"TeDDi"
"TeDDi","大家集中他们分明在东面",11,0.292035636150294,0.18832011951546,1.72235620167047,-0.487632520156257,"TeDDi"
"TeDDi","最高的",3,-1.18789734914637,-1.65867035608523,1.72235620167047,-0.487632520156257,"TeDDi"
"TeDDi","人多得像是稼俱大壹踢在促销",13,0.482316624388627,0.455301937219033,1.72235620167047,-0.487632520156257,"TeDDi"
"TeDDi","她在临死前并不是一个善良的人",14,0.566728437521972,0.575337425281683,1.72235620167047,-0.487632520156257,"TeDDi"
"TeDDi","eaieaf sac aiaaeeaeeasoooo otetaieeeown oteaseear aiee0 oeeeaieaieeetn aiea oeeeaiethetsc oeeeaieea tnoh toteatnaieae ooheaetn eaiaaegte erdtnoetofaaslo tathrto aehteceaieasoteaetno eadst moto oodeaaef oteaseear aiee0 ohn ooaieemtn eaohhre eaieaf oeeeaietnaietc aiaaeloaseetctc ttateaieeeadeer toertotjhn aiiasaieown",316,0.191221181420327,0.190541212837665,-1.74944026197456,-0.0718879933176994,"TeDDi"
"TeDDi","aiest0 thoao est tootohethn thrto oteee tn1 gteiee gte teatoaie tc0 oeoteaieeaee",80,0.0863482510193272,0.129102555125272,-1.32510958308461,-0.225887964618325,"TeDDi"
"TeDDi","terduto taoas oesttetn etaeae odtnoho eaaetfeteaieafuto ooheloeae ttiettea moto",79,0.116789430294466,0.283257955132574,-1.27016869628618,-0.266715641016336,"TeDDi"
"TeDDi","taoeaieoher e eao teaetc",24,-0.198237441090061,-0.201408598795608,-0.586329998901558,-0.487632520156257,"TeDDi"
"TeDDi","ttaieemtn eaier tootohethn etasaa aieee0 etaoown ttaieemtn eaaaieetsee",70,0.0603525355073539,-0.179976454249842,-1.28553210536051,0.161671002881076,"TeDDi"
"TeDDi","terduto e eaaieeee ootohaitc ttaaieeeero",40,-0.0442575794204043,-0.162203725600684,-0.955719790993083,0.396034996403427,"TeDDi"
"TeDDi","eaelo tasac gteoieemtn taieetso",31,0.128192313121929,0.116223551040451,-0.54164574985823,-0.257878965850739,"TeDDi"
"TeDDi","eaaieeeeto taieetso gtehre gtehre aietev",40,-0.0606931905381896,-0.246744771661864,-0.955719790993083,-0.0457987618764154,"TeDDi"
"TeDDi","aietoe hn teoteotetn oeeeaietnaietc otetaieeeown tv1 teeaea ieeaasee hre0 sac tneaiaoteaiee toeeaotdteaetmteaetcaieeeto hr aieae1 teetoaie oettaero erdtaoeeeae teta eaieeeaeaieeadoero hr ttateeaeadsa aietn1 etao aiiasaieown tv1 teeaea teta hr eaietn oeoteaiepa",260,0.0899125003019219,0.0266846067682088,-1.71581032471987,-0.181590140868984,"TeDDi"
"TeDDi","loteetothtn tathrto etao eaethrdtetn terduto erder eeaderodtno erdoteeta taea oeteatoeatnllo erdoteeta aiaieeaaiaieee",117,0.0474311811349005,-0.134451811934436,-1.5926803940227,-0.220246918162766,"TeDDi"
"TeDDi","tathrto oetoown tlo aahneae erdeaeero hr eeaeaduo aieaieetnoaieaie",66,0.139866010348757,0.12628818122199,-1.24395576512511,-0.222532265188352,"TeDDi"
"TeDDi","e emst aiaaeeaietmtoown taaetaieeeto teatoar aieiaec0",53,0.0229628044608043,0.14669451809032,-1.06549128581273,-0.0899821377044003,"TeDDi"
"TeDDi","elrto eatoeaaieeee aiepaeaier tathrto aiaiee eaelo aieiaec0",59,-0.0502132520913566,-0.109480815700869,-1.22024044719422,-0.190537406830156,"TeDDi"
"TeDDi","teatoaie tathrto ttaieemtn tathaietktttn",40,-0.130995716081541,-0.134368222638617,-0.955719790993083,-0.134165513532382,"TeDDi"
"TeDDi","hotaoeeeae otetaieeeown tathrto aieto eatoaieeeouoo eaelo erdiee eadsac",71,0.0849505208055174,0.227957175875656,-1.19114075003733,-0.0937692842039414,"TeDDi"
"TeDDi","etn1 oohetktttn taoeeeaeeatn aiea tasac taoas tnst aieetsee etaeae elrto etaiaaeee",82,-0.0120572585056075,0.19029792166666,-1.34087622055193,-0.0196160206450182,"TeDDi"
"TeDDi","eaeaieoteaie etao aiiasaieown eloeadar eaiaaegte ieeeadaieero taaieaaiee ttiettea etaeae aieeoeoteaiee aieeoeoteaiee taeeexaieeeto tasac eatoaieee2 tneaiaoteaiee rto gteaieee1 ttaaieeeero hr tvtaieaeo eaeaetneaaeedho oeaiertoetco aieeeaetn etasee aeadtcee aieeetotetn eohaooooaieaeadthnaie hn",292,-0.0171367286663088,0.11298731061296,-1.73118534767837,-0.0257568182018652,"TeDDi"
"TeDDi","tathrto hn eatoaieeeouoo eloeadar hr",36,0.148140941801348,0.16160463833934,-0.740242412273028,-0.19223509319202,"TeDDi"
"TeDDi","terduto teetoaie otetaieeeown",29,-0.0605765656526239,-0.0818567991906683,-0.57040802510451,-0.118385736450961,"TeDDi"
"TeDDi","terduto iebodiebod ottoaieeeaaetnrodto hr oetodthnoo ethotc hr",62,0.206437084601149,0.183427235501871,-1.19701473582706,-0.205148641911768,"TeDDi"
