"id","subcorpus","sequence","num.tokens","num.types","huni.chars","hrate.chars","ttr.chars","rm.chars","mlp.predictions.rd"
"gkl0002","Aurignacien","vvvvv",5,1,-2.20825567200359,-1.47403948326654,-0.880981403375326,2.33823261380886,"Aurignacien"
"gkl0004","Aurignacien","vvvvvvvvvvvvvv",14,1,-2.20825567200359,-1.35640851835855,-1.53273458487999,2.33823261380886,"Aurignacien"
"gkl0009","Aurignacien","vvvv",4,1,-2.20825567200359,-1.58699343687694,-0.627521832790177,2.33823261380886,"Aurignacien"
"gkl0019","Aurignacien","vvvvvvvv",8,1,-2.20825567200359,-1.36277499855223,-1.26117075925305,2.33823261380886,"Aurignacien"
"gkl0020","Aurignacien","vvvvv",5,1,-2.20825567200359,-1.47403948326654,-0.880981403375326,2.33823261380886,"Aurignacien"
"gkl0026","Aurignacien","| ||||| |_| | | || || | | | | |",31,3,-0.823477392631769,-0.696374869257789,-1.40425277490596,-0.0260254889727508,"Cuneiform (Uruk III)"
"hfc0004","Aurignacien","XXX_||_v_v",10,4,0.221946224203323,-0.00881694363618058,0.13285687896527,0.368017528157517,"Cuneiform (Uruk III)"
"hfc0006","Aurignacien","||| X V\\ / \\/ \\ ≠_°°°°°°°",28,9,1.19044916401161,0.914658964863579,-0.265436731954252,0.58693031545211,"Aurignacien"
"hfc0007","Aurignacien","vvvvv",5,1,-2.20825567200359,-1.47403948326654,-0.880981403375326,2.33823261380886,"Aurignacien"
"hfc0008","Aurignacien","vvvvvvvvvvvv",12,1,-2.20825567200359,-1.3447776986512,-1.47238706807401,2.33823261380886,"Aurignacien"
"hfc0009","Aurignacien","l llXl ll| |  XX| |  ≠≠≠ ≠≠ llll_| | | | | | | | | | l_ ll ll ll ll",67,6,0.441993730411229,0.115021262441083,-1.44086224586192,0.0545742190766214,"Cuneiform (Uruk III)"
"hfc0011","Aurignacien","|| |||",6,2,-1.40677149167389,-1.06559451090637,-0.205089215148264,1.15610356241805,"Aurignacien"
"hfc0012","Aurignacien","OO",2,1,-2.20825567200359,-2.03993650536594,0.639776020135568,2.33823261380886,"Aurignacien"
"hfc0020","Aurignacien","XX",2,1,-2.20825567200359,-2.03993650536594,0.639776020135568,2.33823261380886,"Aurignacien"
"hfc0021","Aurignacien","OO",2,1,-2.20825567200359,-2.03993650536594,0.639776020135568,2.33823261380886,"Aurignacien"
"hfc0024","Aurignacien","v_v",3,2,-1.07598767732279,-1.42769612154256,1.4846412554194,-0.617090014668154,"Cuneiform (Uruk III)"
"hfc0025","Aurignacien","v v v vv_v v v_v v vv vv vv vv_≠_vvv_vvvvvvv",44,4,-0.505016723579652,-0.317633349899008,-1.43398410283383,0.276379617196991,"Aurignacien"
"hfc0026","Aurignacien","|||_≠_|_|||||||_||||||_||||||||||_vv_///",40,5,-0.417654143798775,-0.270460404676688,-1.26117075925305,1.27734756768891,"Aurignacien"
"hfc0029","Aurignacien","W W",3,2,-1.07598767732279,-1.42769612154256,1.4846412554194,-0.617090014668154,"Cuneiform (Uruk III)"
"hfc0031","Aurignacien","|||",3,1,-2.20825567200359,-1.72134187469717,-0.205089215148264,2.33823261380886,"Aurignacien"
"hfc0035","Aurignacien","≠_≠",3,2,-1.07598767732279,-1.42769612154256,1.4846412554194,-0.617090014668154,"Cuneiform (Uruk III)"
"hss0001","Aurignacien","|||||||_≠_vvv_v_vvvvvvvv",24,4,-0.185704814456416,-0.0813898859117678,-1.04995445043209,1.31029430825164,"Aurignacien"
"hss0002","Aurignacien","vvvv_||||",9,3,-0.491724150479173,-0.341910089071641,-0.205089215148264,1.59940195668961,"Aurignacien"
"vhc0001","Aurignacien","XXXXX",5,1,-2.20825567200359,-1.47403948326654,-0.880981403375326,2.33823261380886,"Aurignacien"
"vhc0005","Aurignacien","⊞_vvvvvv_vvv",12,3,-0.924874590393485,-0.740398961764941,-0.627521832790177,1.26356983981722,"Aurignacien"
"vhc0006","Aurignacien","vv",2,1,-2.20825567200359,-2.03993650536594,0.639776020135568,2.33823261380886,"Aurignacien"
"vhc0013","Aurignacien","v vvv",5,2,-1.3181110737288,-1.08731022866271,0.13285687896527,0.860571299570353,"Aurignacien"
"vhc0019","Aurignacien","// _vvvv",8,4,-0.0504880798946705,-0.248295816788684,0.639776020135568,1.071665773033,"Aurignacien"
"vhc0023","Aurignacien","vv v _v",7,3,-0.508201764129763,-0.491693506251467,0.277690919299643,-0.124536243255317,"Cuneiform (Uruk III)"
"vhc0025","Aurignacien","/XX",3,2,-1.07598767732279,-1.42769612154256,1.4846412554194,0.860571299570353,"Aurignacien"
"vhc0026","Aurignacien","vvvvv_vvvvv",11,2,-1.66635146902716,-0.856547383348978,-0.973148519951743,1.74716808811346,"Aurignacien"
"vhc0033","Aurignacien","vv",2,1,-2.20825567200359,-2.03993650536594,0.639776020135568,2.33823261380886,"Aurignacien"
"vhc0038","Aurignacien","vv",2,1,-2.20825567200359,-2.03993650536594,0.639776020135568,2.33823261380886,"Aurignacien"
"vhc0039","Aurignacien","YYY",3,1,-2.20825567200359,-1.72134187469717,-0.205089215148264,2.33823261380886,"Aurignacien"
"vhc0040","Aurignacien","XX",2,1,-2.20825567200359,-2.03993650536594,0.639776020135568,2.33823261380886,"Aurignacien"
"vhc0042","Aurignacien","XX",2,1,-2.20825567200359,-2.03993650536594,0.639776020135568,2.33823261380886,"Aurignacien"
"vhc0045","Aurignacien","vvvvvvv_v",9,2,-1.58773308615354,-0.726537947081024,-0.768332705337483,1.59940195668961,"Aurignacien"
"vhc0050","Aurignacien","vvvvvv/v",8,2,-1.53803524928427,-0.740084279577737,-0.627521832790177,1.49385471995828,"Aurignacien"
"vhc0052","Aurignacien","////////////_///_/////_// ////_≠_///////////",44,4,-1.20347644657304,-0.415941273338401,-1.43398410283383,1.51349141516411,"Aurignacien"
"vhc0057","Aurignacien","vvv_vvv",7,2,-1.47871718814189,-0.935418652593631,-0.446479282372212,1.35312507098319,"Aurignacien"
"vhc0060","Aurignacien","//////////_l|ll",15,4,-0.512522389113882,-0.00737148128468406,-0.543035309261792,1.49385471995828,"Aurignacien"
"vhc0064","Aurignacien","vvvv_vvv _vvv",13,3,-0.986016873946928,-0.423531777892847,-0.725006283015233,1.10684818527677,"Aurignacien"
"vhc0069","Aurignacien",">>>>_>>>>",9,2,-1.58773308615354,-0.884138469695324,-0.768332705337483,1.59940195668961,"Aurignacien"
"vhc0073","Aurignacien","vvv",3,1,-2.20825567200359,-1.72134187469717,-0.205089215148264,2.33823261380886,"Aurignacien"
"vhc0078","Aurignacien","vv",2,1,-2.20825567200359,-2.03993650536594,0.639776020135568,2.33823261380886,"Aurignacien"
"vhc0080","Aurignacien","/ / //",6,2,-1.07598767732279,-1.11541258512744,-0.205089215148264,-0.0260254889727508,"Aurignacien"
"vhc0081","Aurignacien","VVV_vvvv",8,3,-0.475088577899968,-0.422827382005978,0.00612709367269553,1.49385471995828,"Aurignacien"
"vhc0083","Aurignacien","XXX",3,1,-2.20825567200359,-1.72134187469717,-0.205089215148264,2.33823261380886,"Aurignacien"
"vhc0086","Aurignacien","v vv vv",7,2,-1.14401933432605,-1.18711501244044,-0.446479282372212,0.368017528157517,"Aurignacien"
"vhc0089","Aurignacien",">>>>_>>",7,2,-1.47871718814189,-0.815287590779418,-0.446479282372212,1.35312507098319,"Aurignacien"
"vhc0091","Aurignacien","vvvvvvvvvv",10,1,-2.20825567200359,-1.34353617973473,-1.38790054454562,2.33823261380886,"Aurignacien"
"vhc0093","Aurignacien","|||||_|_||",10,2,-1.3181110737288,-0.701915304854012,-0.880981403375326,1.0247558900413,"Aurignacien"
"vhc0094","Aurignacien","/X/_<><><><",11,5,0.403356052388923,-0.195628163116263,0.409358228694526,-0.617090014668154,"Cuneiform (Uruk III)"
"vhc0099","Aurignacien","////",4,1,-2.20825567200359,-1.58699343687694,-0.627521832790177,2.33823261380886,"Aurignacien"
"vhc0108","Aurignacien","XXXX",4,1,-2.20825567200359,-1.58699343687694,-0.627521832790177,2.33823261380886,"Aurignacien"
"vhc0109","Aurignacien","vvvvvvv",7,1,-2.20825567200359,-1.37945140768471,-1.17064948404407,2.33823261380886,"Aurignacien"
"vhc0113","Aurignacien","vvv_vvvv_vv",11,2,-1.36482940447285,-1.03868095205912,-0.973148519951743,1.15610356241805,"Aurignacien"
"vhc0124","Aurignacien","vvvvvv",6,1,-2.20825567200359,-1.42481380792953,-1.04995445043209,2.33823261380886,"Aurignacien"
"vhc0125","Aurignacien","vvv",3,1,-2.20825567200359,-1.72134187469717,-0.205089215148264,2.33823261380886,"Aurignacien"
"vhc0130","Aurignacien","vv",2,1,-2.20825567200359,-2.03993650536594,0.639776020135568,2.33823261380886,"Aurignacien"
"vhc0135","Aurignacien",">>",2,1,-2.20825567200359,-2.03993650536594,0.639776020135568,2.33823261380886,"Aurignacien"
"vhc0143","Aurignacien","vvv vvvv",8,2,-1.53803524928427,-0.948677925690253,-0.627521832790177,1.49385471995828,"Aurignacien"
"vhc0148","Aurignacien","vvvvvvvvvvv",11,1,-2.20825567200359,-1.3398424595951,-1.43398410283383,2.33823261380886,"Aurignacien"
"vhc0149","Aurignacien","|||||||",7,1,-2.20825567200359,-1.37945140768471,-1.17064948404407,2.33823261380886,"Aurignacien"
"vhc0153","Aurignacien","|||| || | | |_|||| || | | |_|_||||| | | |_||| ||",48,3,-0.74254964967615,-0.883196856581983,-1.57799522248449,0.326098058250043,"Aurignacien"
"vhc0155","Aurignacien","vvvvvvvvvvv_vvvvvvvv_vvvvvvv_vvvvvvvvvvvvvv_||||_vvvvXX\_vvvvvv_vvvvv_\\\_vvv_vvvv_≠_///_vvv_\\\\_///_vvvv_v_///",112,7,-0.0528443946329219,0.0200432707923916,-1.57799522248449,1.32650054279871,"Aurignacien"
"vhc0156","Aurignacien","°°°° °°°_°°°°°°°°_v°°°°°°°°_Vv",30,5,-0.711796360503212,-0.134424188231916,-1.04995445043209,1.31915584536851,"Aurignacien"
"vhc0159","Aurignacien","vvvv⚹vvvvvvvv_|||||_¤¤¤¤¤¤¤¤¤",29,5,0.160949052077669,0.214286877555334,-1.02082116645679,1.70494919342093,"Aurignacien"
"vhc0166","Aurignacien","vvvvvvv",7,1,-2.20825567200359,-1.37945140768471,-1.17064948404407,2.33823261380886,"Aurignacien"
"vhc0168","Aurignacien",">>>>>>  >>>>>",13,2,-1.44455119954237,-0.717865880682097,-1.11494408391546,1.84567884239602,"Aurignacien"
"P000008","Cuneiform (Uruk III)","ISZ~b _ NI~b _ TUR _ N01 _ SAL _ ZATU750",11,7,0.755912525407389,0.690496085511042,1.3310293944587,-0.617090014668154,"Cuneiform (Uruk III)"
"P000010","Cuneiform (Uruk III)","N01 _ EN~a _ NUN~a _ N01 _ EN~a _ AMAR _ N01 _ |SZU2.EN~a| _ N01 _ N01 _ IB~a _ ZATU686~a _ N01 _ N01 _ N01",29,8,0.409912769517753,0.472791599772,-0.496422054901308,-0.617090014668154,"Cuneiform (Uruk III)"
"P000012","Cuneiform (Uruk III)","N01 _ NIMGIR _ N01 _ NIMGIR _ SIG7 _ N01 _ SUHUR _ N01 _ SUHUR _ N01 _ TAR~a _ UTUL~a _ N01 _ GAL~a _ DU6~b _ N01 _ KUR~a _ N01 _ N01",37,10,0.629726892069788,0.924124013851507,-0.524767952823226,-0.617090014668154,"Cuneiform (Uruk III)"
"P000015","Cuneiform (Uruk III)","N01 _ DUG~b _ N01 _ DUG~c _ N01 _ |DUG+ASZ~c| _ N01 _ UKKIN~b _ N01 _ MUD3~a _ N01 _ LAHTAN2 _ N01 _ KISIM~b _ N01 _ NI~b _ N01 _ IR~b _ N01 _ HI _ IR~b _ N01 _ MUSZEN _ N01 _ SU~a _ NI~b _ N01 _ N57 N57 N57 _ SU~a _ NI~b _ N01 _ |DUG~bxSZE~a| _ N01 _ N01 _ |DUG~bxKASKAL| _ N01 _ KASZ~b _ N01 _ |DUG~bxGESZTU~b| _ N01 _ N01 _ |DUG~bxNAGA~a| _ N01 _ N01 _ |DUG~bxX| _ N01 _ |DUG~bxX| _ N01 _ |DUG~bxX| _ N01 _ |DUG~bxX| _ N01 _ |DUG~bxX| _ N01 _ N01 _ |DUG~bxX| _ N01 _ |DUG~bxX| _ N01 _ |DUG~bxX| _ N01 _ |DUG~bxGISZ| _ N01 _ GISZ _ |DUG~bxGISZ| _ N01 _ LA2 _ ERIM~b2 _ |DUG~bxX| _ N01 _ SIG2~d1 _ N01 _ U4 _ SIG2~d1 _ N01 _ N01 _ SIG2~d1 _ N01 _ NI~b _ SIG2~d1 _ N01 _ KU6~a _ SIG2~d1 _ N01 _ SIG2~d1 _ N01 _ SI _ SIG2~d1 _ N01 _ SIG2~d1 _ N01 _ SAG _ SIG2~d1 _ EZEN~a _ SIG2~d1 _ N01 _ N01 _ N01 _ MUD3~c _ N01 _ N01 _ N01 _ GAL~a _ TUN3~b _ N01 _ N57 _ TAK4~a _ TUN3~b _ N01 _ N57 N57 N57 _ TAK4~a _ TUN3~b _ N01 _ NAGAR~a _ SZITA~a1 _ AN _ SZITA~a1 _ N01 _ N01 _ N57 _ TAK4~a _ N01 _ N01 _ N34 _ NI~a _ SZA3~a2",255,41,1.3281469113288,1.79947621381215,-1.07977322344211,-0.57054950083387,"Cuneiform (Uruk III)"
"P000023","Cuneiform (Uruk III)","N01 _ N01 _ SZITA~b1 _ N01 _ SZITA~a1 _ N01 _ N01 _ N01 _ SZA _ N01 _ N01 _ N01 _ N01 _ N01 _ SZITA~a1 _ N01 _ |SZITA~a1xKAK~a| _ N01 _ |SZITA~a1xSZU| _ N01 _ |SZITA~a1xKAK~a| _ N01 _ |SZITA~a1xSZU|",45,7,0.104940640568243,-0.0556417104199856,-1.10627879945101,-0.617090014668154,"Cuneiform (Uruk III)"
"P000039","Cuneiform (Uruk III)","NAGA~a _ N01 _ IDIGNA _ BU~a _ N01 _ SAG _ RAD~a _ N01 _ GAN2 _ RAD~a _ SANGA~a _ N01 _ ISZ~b _ RAD~a _ N01 _ AN _ E2~a _ AN _ GAL~a _ N01 _ DA~a _ PA~a _ N01 _ U4 _ AN _ KI _ NUN~a",53,18,1.33274195951728,1.86409723890736,-0.173207508156419,-0.617090014668154,"Cuneiform (Uruk III)"
"P000040","Cuneiform (Uruk III)","ZATU647 _ URUDU@g~c",3,3,-0.253980975567002,-0.962278614296477,3.17437172598706,-0.617090014668154,"Cuneiform (Uruk III)"
"P000041","Cuneiform (Uruk III)","PAP~a _ SZA3~a2 _ TU~b",5,4,0.1615009894316,-0.39896512979864,2.16053344364646,-0.617090014668154,"Cuneiform (Uruk III)"
"P000042","Cuneiform (Uruk III)","GISZ _ NU11 _ N01 _ N01 _ GISZ _ N01 _ GISZ _ N01 _ IN~b _ N01",19,5,0.116083126636153,-0.168653196745248,-0.560821945794086,-0.617090014668154,"Cuneiform (Uruk III)"
"P000046","Cuneiform (Uruk III)","N01 _ NAM2 _ ERIN _ N01 _ GAL~a _ N01 _ NAM2",13,5,0.242688877398609,-0.102466916181029,0.0548693187852263,-0.617090014668154,"Cuneiform (Uruk III)"
"P000054","Cuneiform (Uruk III)","N01 _ SUKKAL _ N01 _ GA~a _ N01 _ GA~a _ N01 _ N01 _ ERIN _ UMUN2 _ N01 _ SANGA~a _ UMUN2 _ N01 _ GAL~a _ UMUN2 _ KU3~a _ N01 _ AB~a _ UMUN2 _ KU3~a _ N01 _ GAL~a _ AK~a _ N01 _ GAL~a _ IM~a _ N01 _ IM~a _ TUR",59,13,0.913680969635175,0.996668688770899,-0.7778792051712,-0.617090014668154,"Cuneiform (Uruk III)"
"P000057","Cuneiform (Uruk III)","N01 _ GAL~a _ ISZ~b _ N01 _ GAL~a _ TAG~a2 _ N01 _ SANGA~a _ GAL~a _ N01 _ N01 _ SAG _ SUG5 _ N01 _ UB _ SAG _ N01 _ ZATU725 _ N01 _ N01 _ KAR2~a _ ME~a _ N01 _ GALGA~a _ ME~a _ N01 _ LAGAR~a _ IB~a _ N01 _ LAGAR~a _ GAR _ N01 _ MUSZ3~a _ ME~a _ N01 _ N01 _ GAL~a _ SZAGAN _ N01 _ ENGIZ _ N01 _ ENDIB",83,20,1.10790087001613,1.66637433878216,-0.673327779281468,-0.617090014668154,"Cuneiform (Uruk III)"
"P000061","Cuneiform (Uruk III)","N01 _ URU~a1 _ N01 _ ERIN _ N01 _ N01 _ GAL~a _ SZAB~a _ N01 _ BU~a _ SZAB~a _ N01 _ GAL~a _ NESAG2~a",27,8,0.566769138188252,0.475233650218457,-0.392837045211337,-0.617090014668154,"Cuneiform (Uruk III)"
"P000063","Cuneiform (Uruk III)","NU _ GIR~a _ N01 _ AN _ NU _ GIR~a _ N01 _ NU _ ZATU806",17,6,0.45591500908039,-0.026587234895227,-0.105693305114871,-0.617090014668154,"Cuneiform (Uruk III)"
"P000066","Cuneiform (Uruk III)","N01 _ NAM2 _ PA~a _ RAD~a _ N01 _ AB~a _ ME~a _ N01 _ GAL~a _ |1(N58).BAD~a| _ N01 _ EN~a _ IB~a _ N01 _ N01 _ GAL~a _ SZAB~a _ N01 _ BU~a _ SZAB~a _ N01 _ GAL~a _ N01 _ N01 _ N01 _ N01",51,13,0.775697563354241,0.910058171248296,-0.602672855281828,-0.617090014668154,"Cuneiform (Uruk III)"
"P000069","Cuneiform (Uruk III)","N01 _ N01 _ |DUG~bxTAK4~a| _ N01 _ |DUG~bxSA~a|",9,4,-0.0471401136169955,-0.306995973500393,0.358154275040956,-0.617090014668154,"Cuneiform (Uruk III)"
"P000070","Cuneiform (Uruk III)","UD5~a _ MASZ2 _ MUSZEN _ BALA~a _ A _ N01 _ ISZ~b _ GARA2~a _ N14 _ SUHUR _ N14 _ KAR2~b",23,12,1.22209501138543,1.56568262152555,0.749975833433461,-0.617090014668154,"Cuneiform (Uruk III)"
"P000072","Cuneiform (Uruk III)","SZAKIR~c _ N01 _ MUD3~a _ N01 _ LAHTAN2 _ N01",11,5,0.222928517288319,-0.0785110580538902,0.409358228694526,-0.617090014668154,"Cuneiform (Uruk III)"
"P000073","Cuneiform (Uruk III)","N01 _ SZAKIR~c _ N01 _ MUD3~a _ N01 _ LAHTAN2 _ N01 _ KISIM~b _ N01 _ NI~b _ N01 _ N01 _ N01 _ N34",27,8,0.361713858253001,0.585783656207209,-0.392837045211337,-0.617090014668154,"Cuneiform (Uruk III)"
"P000075","Cuneiform (Uruk III)","N01 _ N01 _ |SZU2.EN~a| _ N01 _ NAM2 _ KAB _ N01 _ EN~a _ RU",17,7,0.510667001949516,0.654731035848128,0.192494424985305,-0.617090014668154,"Cuneiform (Uruk III)"
"P000076","Cuneiform (Uruk III)","N14 N14 N14 N14 _ N14 N14 N14 N14 N14 _ N14 N14 N14 N14 N14 N14 _ N14 N14 N14 N14 N14 N14 N14 _ N01 _ N01 _ GAR@g~c _ N01 _ BU~a _ N01 _ U4",39,6,-0.0962071449126439,0.0397981736416049,-1.11494408391546,0.782799651452538,"Aurignacien"
"P000077","Cuneiform (Uruk III)","N01 _ SZEN~a _ N01 _ URI _ N01",9,4,-0.0471401136169955,-0.318440782199455,0.358154275040956,-0.617090014668154,"Cuneiform (Uruk III)"
"P000083","Cuneiform (Uruk III)","N01 _ GAL~a _ N01 _ IM~b _ TUR _ N01 _ GAL~a _ SZA",15,6,0.438358235186283,0.173137239216118,0.13285687896527,-0.617090014668154,"Cuneiform (Uruk III)"
"P000086","Cuneiform (Uruk III)","TI _ E2~a _ |GI&GI| _ SZE3",7,5,0.415694869731218,0.0382515663961016,1.72603132264335,-0.617090014668154,"Cuneiform (Uruk III)"
"P000088","Cuneiform (Uruk III)","N01 _ GAL~a _ SUKKAL _ N01 _ GADA~a _ SUKKAL",11,5,0.307545233540604,0.0249975683643814,0.409358228694526,-0.617090014668154,"Cuneiform (Uruk III)"
"P000090","Cuneiform (Uruk III)","KASZ~b _ |DUG~bxGESZTU~a| _ |DUG~bxX| _ |DUG~bxX| _ N01",9,5,0.330282551276611,-0.0579735669243338,0.92139776523018,-0.617090014668154,"Cuneiform (Uruk III)"
"P000093","Cuneiform (Uruk III)","NI~a _ N01",3,3,-0.253980975567002,-0.962278614296477,3.17437172598706,-0.617090014668154,"Cuneiform (Uruk III)"
"P000094","Cuneiform (Uruk III)","AB2 _ GA~a",3,3,-0.253980975567002,-0.962278614296477,3.17437172598706,-0.617090014668154,"Cuneiform (Uruk III)"
"P000100","Cuneiform (Uruk III)","N01 _ SAG _ KI _ AD~a _ N01 _ HAL _ ABRIG _ AD~a",15,7,0.664811834122447,0.620405768846502,0.470802973078804,-0.617090014668154,"Cuneiform (Uruk III)"
"P000113","Cuneiform (Uruk III)","SU~a _ NI~b _ N01 _ N57 N57 N57 N57 _ SU~a _ NI~b _ N01 _ SU~a _ NI~b",20,5,0.438325617344202,-0.225966315490379,-0.627521832790177,-0.150460125961257,"Aurignacien"
"P000114","Cuneiform (Uruk III)","N14 _ U8 _ N01 _ UTUA~b",7,5,0.415694869731218,0.0382515663961016,1.72603132264335,-0.617090014668154,"Cuneiform (Uruk III)"
"P000116","Cuneiform (Uruk III)","N01 _ KISAL~b1 _ N01 _ NIM~b2 _ N01 _ SZITA~a1 _ N01 _ ZATU753 _ N01 _ SANGA~a _ N01 _ GAL~a _ SANGA~a _ N01 _ UB _ N01 _ GA~a _ N01 _ EN~a _ SAG _ N01 _ NAMESZDA _ N01 _ NAM2 _ URU~a1 _ N01 _ NAM2 _ N01 _ |SZE~a.NAM2| _ N01 _ AN _ HI _ KI _ NUN~a _ N01 _ N01 _ N34 _ N14 N14 _ PIRIG~b1",78,23,1.28274557552043,2.22871583654048,-0.400058115598376,-0.578709201311309,"Cuneiform (Uruk III)"
"P000120","Cuneiform (Uruk III)","NE~a _ IR~a _ N01 _ DIN _ IR~a _ N01 _ SU~a _ NI~b _ N01 _ SU~a _ NI~b _ N01 _ |DUG~bxBALA~a| _ N01 _ |DUG~bxKASKAL| _ N01 _ KASZ~b _ N01 _ |DUG~bxGESZTU~a| _ N01 _ |DUG~bxX| _ N01 _ |DUG~bxSIG7| _ N01",47,13,0.882257006017079,1.12780275594957,-0.492702912266162,-0.617090014668154,"Cuneiform (Uruk III)"
"P000126","Cuneiform (Uruk III)","N01 _ N01 _ MUSZEN _ UR3~a2 _ MUSZEN",9,4,0.0562803173580202,-0.222259974667026,0.358154275040956,-0.617090014668154,"Cuneiform (Uruk III)"
"P000129","Cuneiform (Uruk III)","N01 _ GAL~a _ SZITA~a1 _ N01 _ ABGAL _ N01 _ KINGAL _ N01 _ GAL~a _ TE _ N01 _ SUKKAL _ N01 _ GAL~a _ N01 _ AB~a _ UMUN2 _ KU3~a _ N01 _ GAL~a _ AK~a _ N01 _ N01",45,12,0.745669601176877,1.06784271357949,-0.543035309261792,-0.617090014668154,"Cuneiform (Uruk III)"
"P000133","Cuneiform (Uruk III)","DARA4~a1 _ AMAR _ DARA4~a1 _ AMAR",7,3,-0.288882303202306,-0.86180218655443,0.277690919299643,-0.617090014668154,"Cuneiform (Uruk III)"
"P000135","Cuneiform (Uruk III)","KAK~a _ GI6",3,3,-0.253980975567002,-0.962278614296477,3.17437172598706,-0.617090014668154,"Cuneiform (Uruk III)"
"P000138","Cuneiform (Uruk III)","|DUG~bxX| _ N01 _ |DUG~bxX| _ N01 _ |DUG~bxX| _ |DUG~bxX| _ N01 _ |DUG~bxX|",15,3,-0.351560651958786,-0.971036317514789,-0.880981403375326,-0.617090014668154,"Cuneiform (Uruk III)"
"P000144","Cuneiform (Uruk III)","N01 _ |GISZ3~a&GISZ3~a| _ GISZ _ N01",7,4,0.0634062832644622,-0.315048940943873,1.00186112097149,-0.617090014668154,"Cuneiform (Uruk III)"
"P000145","Cuneiform (Uruk III)","N01 _ N01 _ N01 _ N01 _ NI~b _ N01 _ HI _ NI~b",15,4,-0.125107053022622,-0.176996848119278,-0.543035309261792,-0.617090014668154,"Cuneiform (Uruk III)"
"P000146","Cuneiform (Uruk III)","AMAR _ AMAR _ AMAR _ N01 _ SAG _ AMAR _ N01 _ SAG _ DARA4~a1 _ AMAR",19,5,0.165071751834831,-0.0786354776112556,-0.560821945794086,-0.617090014668154,"Cuneiform (Uruk III)"
"P000154","Cuneiform (Uruk III)","N01 _ |DUG~bxSZAH2~a| _ N01 _ |DUG~bxANSZE~d| _ N01 _ N01 _ |DUG~bxX|",13,5,0.124593783053055,-0.0758579856321334,0.0548693187852263,-0.617090014668154,"Cuneiform (Uruk III)"
"P000159","Cuneiform (Uruk III)","N01 _ N01 _ DI _ N01 _ NAM2 _ NAM2 _ N01 _ EN~a _ N01 _ GAL~a _ N01 _ ABGAL",23,7,0.39062942467145,0.529809921491204,-0.352022299545447,-0.617090014668154,"Cuneiform (Uruk III)"
"P000160","Cuneiform (Uruk III)","IM~a _ AD~a _ AN _ NI~b _ ASAR _ DU6~a _ N01 _ AB~a _ TE _ N01 _ N57 _ BAR _ N01 _ GI _ DUR2 _ N01 _ BAHAR2~b _ NUNUZ~a1 _ E2~a _ N01 _ TILLA2",41,18,1.4490154372576,2.11749513929949,0.330678982836604,-0.617090014668154,"Cuneiform (Uruk III)"
"P000161","Cuneiform (Uruk III)","N01 _ NAMESZDA _ N01 _ NAM2 _ KAB _ N01 _ NAM2 _ DI _ N01 _ NAM2 _ NAM2 _ N01 _ NAM2 _ URU~a1 _ N01 _ NAM2 _ ERIN _ N01 _ GAL~a _ SZUBUR _ N01 _ N01 _ N01 _ NAM2 _ PA~a _ RAD~a _ N01 _ AB~a _ ME~a _ N01 _ |1(N58).BAD~a| _ GAL~a _ N01 _ EN~a _ IB~a _ N01 _ SZITA~a1 _ N01 _ ABGAL _ N01 _ KINGAL _ N01 _ N01 _ N01 _ SIG2~c1 _ GA~a _ N01 _ GAL~a _ NIM~a _ N01 _ GAL~a _ KISAL~b1 _ N01 _ SILA4~a _ N01 _ SZAB~a _ GAL~a _ N01 _ N01 _ UMUN2 _ ERIN _ N01 _ SANGA~a _ UMUN2 _ N01 _ AK~a _ N01 _ SANGA~a _ SUHUR _ N01 _ GAL~a _ SUHUR _ N01 _ N14 N14 N14 _ N01 N01 N01 N01 N01 N01 _ LAGAB~a",158,32,1.32535221383638,2.18563742066926,-0.868148007396332,-0.4853240376023,"Cuneiform (Uruk III)"
"P000165","Cuneiform (Uruk III)","N01 _ N01 _ GAL~a _ GISZGAL _ N01 _ GAL~a _ |ZATU737xX| _ N01 _ SANGA~a _ |ZATU737xDI| _ N01 _ SANGA~a _ |ZATU737xX|",25,7,0.52740963902604,0.36021941841029,-0.475446090439087,-0.617090014668154,"Cuneiform (Uruk III)"
"P000173","Cuneiform (Uruk III)","N01 _ E2~a _ GAN~a _ N01 _ |DUG~bxSZE~a|",9,5,0.330282551276611,0.0263667953424264,0.92139776523018,-0.617090014668154,"Cuneiform (Uruk III)"
"P000175","Cuneiform (Uruk III)","N01 _ N01 _ GI _ KU6~a _ N01 _ N01",11,4,-0.140822058326193,-0.345398984504266,-0.0514773541875639,-0.617090014668154,"Cuneiform (Uruk III)"
"P000179","Cuneiform (Uruk III)","N01 _ NAM2 _ KAB _ N01 _ NAM2 _ DI _ N01 _ NAM2 _ NAM2 _ N01 _ NAM2 _ URU~a1 _ N01 _ EN~a _ N01 _ GAL~a _ SZITA~a1 _ N01 _ ABGAL _ N01 _ KINGAL _ N01 _ GAL~a _ TE _ N01 _ GAL~a _ NESAG2~b _ N01 _ GAL~a _ TUR3~a _ N01 _ GAL~a _ SZAB~a _ N01 _ IM~b _ N01 _ TUR _ IM~b _ N01 _ GAL~a _ SZA _ N01 _ GAL~a _ ERIN _ N01 _ N01 _ PA~a _ N01 _ ADAB _ PA~a _ N01 _ ADAB",103,21,1.09233476963787,1.59186153294016,-0.861295223135703,-0.617090014668154,"Cuneiform (Uruk III)"
"P000182","Cuneiform (Uruk III)","N01 _ N01 _ EN~a _ NUN~a _ URI _ N01 _ EN~a _ AN _ RU _ N01 _ EN~a _ SAG _ N01 _ NAMESZDA _ N01 _ NAM2 _ URU~a1 _ N01 _ N01",37,11,0.75550849730967,1.05241346729323,-0.387762779533956,-0.617090014668154,"Cuneiform (Uruk III)"
"P000194","Cuneiform (Uruk III)","N01 _ |DUG~cx1(N57)| _ N01 _ SZAKIR~c",7,4,0.0634062832644622,-0.351362333143372,1.00186112097149,-0.617090014668154,"Cuneiform (Uruk III)"
"P000199","Cuneiform (Uruk III)","ZAG~a _ GU4 _ ZAG~a _ GU4 _ SAG _ GU4",11,4,-0.00125512864507378,-0.376034399520386,-0.0514773541875639,-0.617090014668154,"Cuneiform (Uruk III)"
"P000201","Cuneiform (Uruk III)","N01 _ N01 _ KI _ N01 _ KI _ N01 _ KI _ N01 _ AN _ N01 _ N01 _ TUM~a _ N01 _ TUM~a _ BAR _ KI _ N01 _ MUSZ3~a _ N01 _ DUR2 _ KI _ N01 _ NIM~a _ NUN~a _ N01 _ MAR~a _ N01 _ U4 _ SI _ N01 _ N01 _ E2~a _ HI _ EZEN~b _ N01 _ BU~a _ A _ N01 _ NI2 _ N01 _ SIG7 _ EN~a _ ZATU647 _ N01 _ EN~a _ BA _ ZATU647 _ N01 _ N01 _ ILDUM~b _ BAR _ KI _ N01 _ N01 _ N01 _ GAL~a _ N01 _ N01 _ ME~a _ N01 _ EZINU~d _ N01 _ N01 _ N01 _ GAN2 _ ADDA _ N01 _ |ZATU737xSAL| _ N01 _ SZENNUR~a _ N01 _ E2~a _ SUKKAL _ NA~a _ DA~a _ N01 _ N01 _ N01 _ NAM2 _ N01 _ AN _ MUSZ3~a _ KI _ N01 _ KI _ N01 _ N01 _ GAN2 _ A _ N01 _ BA _ KI _ N01 _ E2~a _ KI",189,35,1.25383409366446,1.99632902688333,-0.956080535400556,-0.617090014668154,"Cuneiform (Uruk III)"
"P000204","Cuneiform (Uruk III)","N01 _ GAR@g~b _ N01 _ GAR",7,4,0.0634062832644622,-0.351362333143372,1.00186112097149,-0.617090014668154,"Cuneiform (Uruk III)"
"P000207","Cuneiform (Uruk III)","N01 _ APIN~a _ SUHUR _ N01 _ MAR~a _ APIN~a _ N01 _ N01 _ DILMUN _ ZAG~a _ N01 _ GAL~a _ DU6~b _ N01 _ N01",29,9,0.59480116199205,0.799559503959219,-0.321622351049479,-0.617090014668154,"Cuneiform (Uruk III)"
"P000217","Cuneiform (Uruk III)","N01 _ N01 _ SUHUR _ N01 _ N01 _ SUHUR _ N01 _ N01",15,3,-0.445700725154501,-0.989300514541046,-0.880981403375326,-0.617090014668154,"Cuneiform (Uruk III)"
"P000222","Cuneiform (Uruk III)","N01 _ AB~a _ ME~a _ N01 _ GAL~a _ KISAL~b2",11,6,0.531728879473997,0.390725958071067,0.87019381157661,-0.617090014668154,"Cuneiform (Uruk III)"
"P000223","Cuneiform (Uruk III)","SAG _ AD~a _ AD~a _ N14 _ N01 N01 N01",11,5,0.403356052388923,0.112120538919194,0.409358228694526,-0.0260254889727508,"Cuneiform (Uruk III)"
"P000226","Cuneiform (Uruk III)","NAM2 _ N01 _ GISZ _ LAM~b _ N01 _ N01 _ MES _ N01 _ RU _ MES _ N01 _ MES _ MES _ MES _ N01 _ SZE3 _ A _ N01 _ TAK4~a _ SU~a _ N01 _ |GIR~b.GIR~b| _ N01 _ N01 _ KISZIK~a _ AB~a _ U2~b _ N01 _ GAL~a _ SZA _ N01 _ SZA _ N01 _ N01 _ GISZ _ N01 _ NAGAR~a _ GUL _ N01 _ NAGAR~a _ GUL _ N01 _ SZIR~a _ GISZ _ N01 _ SZIR~a _ N01 _ N01 _ GISZ _ N01 _ GISZ _ N01 _ GISZ _ N01 _ NAGA~a _ N01 _ NAGA~a _ N01 _ DA~a _ U2~b _ N01 _ GISZ _ U4 _ N01 _ IN~b _ HI _ N01 _ GUM~b _ N01 _ GUM~b _ GISZ _ N01 _ N01 _ UR4~a _ U4 _ N01 _ UR4~a _ SIG _ N01 _ GISZ@t _ SI _ N01 _ TAG~b _ N01 _ |BAD&BAD| _ N01 _ BAD _ N01 _ N14 _ N01 N01 N01 N01 N01 N01 N01 N01 N01 _ HI _ KASKAL _ GI",193,36,1.34053264402247,2.04004687986769,-0.949271028610705,-0.493951571814945,"Cuneiform (Uruk III)"
"P000230","Cuneiform (Uruk III)","EN~a _ N01 _ EN~a _ SIG2~b _ N01 _ EN~a _ TUG2~a _ E2~b",15,6,0.438358235186283,0.20702607164968,0.13285687896527,-0.617090014668154,"Cuneiform (Uruk III)"
"P000233","Cuneiform (Uruk III)","N01 _ NAM2 _ URU~a1 _ N01 _ NAM2 _ ERIN _ N01 _ SZUBUR _ N01 _ N01 _ |SZE~a.NAM2| _ N01 _ GAL~a _ SZITA~a1 _ N01 _ ABGAL _ N01 _ KINGAL _ N01 _ GAL~a _ TE _ N01 _ GAL~a _ N01 _ GADA~a _ SUKKAL _ N01 _ SILA4~a _ N01 _ GAL~a _ SZAB~a _ N01 _ BU~a _ SZAB~a _ N01 _ NESAG2~b _ N01 _ N01 _ GAL~a _ UMUN2 _ N01 _ SUHUR _ SANGA~a _ N01 _ SUHUR _ GAL~a _ N01 _ DUB~a _ SANGA~a _ N01 _ SANGA~a _ GAL~a _ N01 _ SUG5 _ SAG _ N01 _ |ZATU737xGAR| _ N01 _ ISZ~b _ GAL~a _ N01",121,26,1.17404093959064,1.89552146110335,-0.805571944358258,-0.617090014668154,"Cuneiform (Uruk III)"
"P000234","Cuneiform (Uruk III)","N01 _ NAMESZDA _ N01 _ NAM2 _ KAB _ N01 _ NAM2 _ DI _ N01 _ NAM2 _ NAM2 _ N01 _ NAM2 _ URU~a1 _ N01 _ N01 _ GADA~a _ SUKKAL _ N01 _ GAL~a _ GA~a _ N01 _ SIG2~b _ GA~a _ N01 _ GAL~a _ KISAL~b1 _ N01",55,13,0.839059925058067,1.11622464620821,-0.696647170222492,-0.617090014668154,"Cuneiform (Uruk III)"
"P000235","Cuneiform (Uruk III)","SUM~a _ SUM~a _ SUM~a _ SUM~a _ SUM~a _ SUM~a _ SUM~a _ N01 _ AN _ HI _ N01 _ KAR2~a _ KAB _ N01 _ ZATU684 _ AMA~b _ N01 _ NI~b _ BAHAR2~a _ N01 _ DU _ |GISZxSZU2~b| _ N01 _ SAR~a _ A _ N01 _ GISZ _ SAR~a _ A _ N01 _ SAR~a _ A",63,16,1.11553410425914,1.49851238453292,-0.607405993854847,-0.617090014668154,"Cuneiform (Uruk III)"
"P000236","Cuneiform (Uruk III)","N01 _ SUHUR _ N01 _ SANGA~a _ SUHUR _ N01 _ MAR~a _ APIN~a _ N01 _ GAL~a _ N01 _ NESAG2~a _ ZAG~a _ N01 _ BARA3 _ ZAG~a",31,10,0.793405943074541,1.04015630412795,-0.259596649682704,-0.617090014668154,"Cuneiform (Uruk III)"
"P000237","Cuneiform (Uruk III)","DI _ N01 _ PA~a _ RAD~a _ N01 _ AB~a _ ME~a _ N01 _ GAL~a _ |1(N58).BAD~a| _ NESAG2~a _ TUR3~a _ GAL~a _ UMUN2 _ ERIN _ UMUN2 _ UMUN2 _ N01 _ GAL~a _ N01 _ GAL~a _ |ZATU737xDI| _ N01 _ SANGA~a _ |ZATU737xDI| _ |ZATU737xSAL| _ ISZ~b _ TAG~a2 _ MUSZ3~a _ N01 _ BU~a _ NUN~a _ N01 _ BU~a _ SANGA~a _ NUN~a _ ME~a _ N01 _ NUN~a _ SANGA~a",79,21,1.46071409180157,1.74661496240057,-0.547313107921457,-0.617090014668154,"Cuneiform (Uruk III)"
"P000249","Cuneiform (Uruk III)","N01 _ N01 _ KAR _ N01 _ N01 _ N01 _ N01 _ N01 _ A _ N01 _ NI2 _ N01 _ EN~a _ ZATU647 _ BA _ N01 _ EN~a _ TUG2~a _ ZATU647 _ BA _ N01 _ BU~a _ NAGAR~b _ N01 _ MUSZ3~a _ N01 _ KI _ N01 _ KI _ N01 _ N01 _ TE _ KI _ N01 _ DI _ NAM2 _ KI _ N01 _ NIR~a _ SZAGAN _ N01 _ NIR~a _ N01 _ GAL~a _ SIMUG _ KI _ N01 _ KU3~a _ AB~a _ N01 _ GAL~a _ N01 _ SAG _ N01 _ AK~a",109,24,1.13240323386501,1.8446465439952,-0.778667448276734,-0.617090014668154,"Cuneiform (Uruk III)"
"P000251","Cuneiform (Uruk III)","GAL~a _ ERIN _ N01 _ GAL~a _ GISZGAL _ N01 _ GAL~a _ |ZATU737xDI| _ |ZATU737xDI| _ SAG _ N01 _ UB _ SAG _ N01 _ ZATU725 _ N01 _ DAM _ N01 _ NUN~a _ BU3 _ N01 _ ME~a _ N01 _ GALGA~a _ ME~a _ N01 _ ENKUM _ N01 _ NINKUM _ N01 _ GAL~a _ ISZ~a _ N01 _ DUB~a _ N01 _ SANGA~a _ SUHUR _ N01",75,20,1.19663843110523,1.8494561087093,-0.543035309261792,-0.617090014668154,"Cuneiform (Uruk III)"
"P000253","Cuneiform (Uruk III)","N01 _ N01 _ ZATU725 _ N01 _ DAM _ N01 _ BU3 _ N01 _ KAR2~a _ ME~a _ N01 _ GALGA~a _ ME~a _ N01 _ LAGAR~a _ IB~a _ N01 _ LAGAR~a _ GAR _ N01 _ MUSZ3~a _ ME~a _ N01 _ N01 _ N01 _ N01 _ N01 _ N01 _ N01 _ UNUG~a _ N01",61,13,0.587776621088427,0.897999761107761,-0.814500204533318,-0.617090014668154,"Cuneiform (Uruk III)"
"P000255","Cuneiform (Uruk III)","SANGA~a _ ENKUM _ N01 _ NINKUM _ N01 _ GAL~a _ ISZ~a _ N01 _ GAL~a _ N01 _ MUSZ3~a _ N01 _ DU _ EZEN~b _ N01 _ GAL~a _ ZAG~a _ N01 _ GAL~a _ SIPA _ N01 _ GAL~a _ GURUSZDA",45,13,0.899375003324453,1.05216670938071,-0.43038661122395,-0.617090014668154,"Cuneiform (Uruk III)"
"P000261","Cuneiform (Uruk III)","|GISZxSZU2~a| _ |SZE~a&SZE~a| _ N01 _ ZI~a _ |GISZxSZU2~a| _ |SZE~a&SZE~a| _ N01 _ NI~a _ ME~a _ N01 _ DA~a _ MUSZEN _ N01 _ SANGA~a _ GU _ N01 _ N01 _ SAR~a _ N01 _ N01",39,12,0.871742224642544,1.14588498381449,-0.335068482115004,-0.617090014668154,"Cuneiform (Uruk III)"
"P000263","Cuneiform (Uruk III)","N01 _ N01 _ NAM2 _ NAM2 _ N01 _ NAM2 _ URU~a1 _ N01 _ NAM2 _ ERIN _ N01 _ GAL~a _ SZUBUR _ N01 _ N01",29,7,0.339695633860943,0.43574092875349,-0.671221758753132,-0.617090014668154,"Cuneiform (Uruk III)"
"P000269","Cuneiform (Uruk III)","N01 _ AB~a _ UMUN2 _ N01 _ GAL~a _ AK~a _ N01 _ GAL~a _ IM~a _ N01 _ IM~a _ TUR _ N01 _ N01 _ N01 _ N01",31,8,0.455711337629817,0.424070017100732,-0.586641256889348,-0.617090014668154,"Cuneiform (Uruk III)"
"P000274","Cuneiform (Uruk III)","N01 _ GAL~a _ UMUN2 _ N01 _ AB~a _ UMUN2 _ N01 _ GAL~a _ AK~a _ N01 _ IM~a _ N01 _ N01",25,7,0.433694239957598,0.304290342647794,-0.475446090439087,-0.617090014668154,"Cuneiform (Uruk III)"
"P000280","Cuneiform (Uruk III)","AGAR2 _ U2~b _ PU2 _ N01 _ GA2~a1 _ U2~b _ PU2 _ U2~b _ PU2 _ U2~a _ PU2 _ U2~a _ HI _ PU2 _ N01 _ N01 _ EN~a _ |ZATU662x1(N14)| _ N01 _ ZATU662 _ N01",41,11,0.896731349281499,0.85028070884548,-0.53479272160049,-0.617090014668154,"Cuneiform (Uruk III)"
"P000287","Cuneiform (Uruk III)","SI _ AN _ SI _ NAGAR~b _ N01 _ NAGAR~b _ N01 _ NAGAR~b _ N01 _ TAK4~a",19,6,0.431133611787,-0.064470217311307,-0.294022397809715,-0.617090014668154,"Cuneiform (Uruk III)"
"P000289","Cuneiform (Uruk III)","KU6~a _ GU _ SZU2 _ GU _ N01 _ NAGAR~b _ N01 _ NAGAR~b _ N57 N57 _ N01 _ NAGAR~b _ AN _ TAK4~a _ N01 _ NAGAR~b _ BUR~a _ NAGAR~b _ BUR~a",36,10,0.90923184583706,0.742139879856042,-0.486710960242871,-0.532652225283096,"Cuneiform (Uruk III)"
"P000292","Cuneiform (Uruk III)","N01 _ SAR~a _ SZAGAN _ EN~a _ BA _ HAL _ GAR _ SZAGAN",15,8,0.829213174473599,0.86862843937773,0.808749067192332,-0.617090014668154,"Cuneiform (Uruk III)"
"P000293","Cuneiform (Uruk III)","DILMUN _ TUN3~a _ N01 _ NAGAR~b _ N01 _ NAGAR~b",11,5,0.307545233540604,-0.200181816218335,0.409358228694526,-0.617090014668154,"Cuneiform (Uruk III)"
"P000296","Cuneiform (Uruk III)","A _ NU _ KU6~a _ NU _ AN _ KU6~a _ N01 _ N01 _ NU _ N01 _ NU _ N01 _ ME~a _ GISZIMMAR~b1 _ N01 _ ME~a _ AN _ GISZIMMAR~b1 _ N01 _ GISZIMMAR~b1 _ N01 _ AN _ GISZIMMAR~b1 _ N01 _ GIR2~a _ N01 _ AN _ GIR2~a _ N01",57,9,0.704449624990318,0.306085197167261,-1.09442104176282,-0.617090014668154,"Cuneiform (Uruk III)"
"P000297","Cuneiform (Uruk III)","N01 _ N01 _ KU6~a _ N01 _ KU6~a _ N01 _ N01 _ N01",15,3,-0.445700725154501,-0.867822475563044,-0.880981403375326,-0.617090014668154,"Cuneiform (Uruk III)"
"P000300","Cuneiform (Uruk III)","N01 _ AB2 _ N01 _ AB2 _ N01 _ AB2 _ N01 _ AB2 _ N01 _ SZAH2~a _ N01 _ N57 N57 N57 _ ZAG~a _ AB2 _ N01 _ DARA4~a1 _ ZAG~a _ N01 _ HI _ SAG _ AB2 _ N01 _ AB2 _ AB2 _ N01 _ AB2",53,9,0.559732919609942,0.471808801280151,-1.03401359693617,-0.50342375972673,"Cuneiform (Uruk III)"
"P000312","Cuneiform (Uruk III)","N01 _ BALA~a _ MUSZEN _ RAD~a _ ISZ~b",9,6,0.604284785195202,0.39275250665794,1.4846412554194,-0.617090014668154,"Cuneiform (Uruk III)"
"P000315","Cuneiform (Uruk III)","|SZE~a&SZE~a| _ NA2~a _ |SZE~a&SZE~a| _ N01 _ BA _ NE~a _ N01 _ SUM~b _ |GI&GI| _ N01 _ HI _ |GI&GI| _ BA _ SUM~b _ N01 _ SI _ U4 _ KUR~a _ N01 _ PAP~a _ APIN~a _ N01 _ NU _ GISZ@t _ N01 _ NU _ LUM _ N01 _ EN~a _ N01 _ GAL~a _ N01 _ GAL~a",65,19,1.32450074513003,1.84311003563549,-0.413056042295052,-0.617090014668154,"Cuneiform (Uruk III)"
"P000319","Cuneiform (Uruk III)","NAGA~a _ MUSZEN _ ZATU647 _ BA _ N01 _ IM~a _ AD~a _ N01 _ AN _ NI~a _ N01 _ ASAR _ KU~a _ DU6~a",27,13,1.24058116098998,1.65045762325836,0.545902105104029,-0.617090014668154,"Cuneiform (Uruk III)"
"P000320","Cuneiform (Uruk III)","N01 _ N01 _ N01 _ |ZATU737xBUR~a| _ N01 _ UR2 _ KU6~a _ RAD~a _ N01 _ SZIM~a _ RAD~a _ N01 _ AMA~b _ ME~a _ N01 _ |KA2xLAM| _ N01 _ N01 _ N01 _ N01 _ N01 _ N01 _ N34 _ N14 _ |3(N57).PIRIG~b1| _ E2~a",51,14,0.767688345286186,1.22597490790943,-0.503276945248435,-0.617090014668154,"Cuneiform (Uruk III)"
"P000326","Cuneiform (Uruk III)","N01 _ N01 _ GIR3~c _ N01 _ TI _ A _ N01 _ A _ N01 _ E2~a _ N01 _ KI _ N01 _ N01 _ GI _ N01 _ KA~a _ KAR _ N01 _ NUN~a _ A _ N01 _ DU _ KU~b2 _ KASKAL _ N01 _ SZAH2~a _ ZAG~a _ N01 _ N01 _ N01 _ N01",63,16,0.810342038630837,1.47802225882211,-0.607405993854847,-0.617090014668154,"Cuneiform (Uruk III)"
"P000327","Cuneiform (Uruk III)","A _ AMA~a _ A _ AN _ MUSZ3~a _ AMA~a _ A _ N01 _ MA _ UD5~a _ A _ N01 _ ALIM _ A _ N01 _ N01 _ DUR2 _ N01 _ NAR _ DUR2 _ SZE3 _ A _ N01 _ RAD~a _ A _ N01 _ HAL _ ZATU751~a _ A _ N01",59,15,1.01417411663847,1.29242821360019,-0.606042208164318,-0.617090014668154,"Cuneiform (Uruk III)"
"P000333","Cuneiform (Uruk III)","GAL~a _ GAR _ GAL~a _ GUG2 _ GUG2",9,4,0.0562803173580202,-0.318440782199455,0.358154275040956,-0.617090014668154,"Cuneiform (Uruk III)"
"P000335","Cuneiform (Uruk III)","KINGAL _ GAL~a _ TE _ N01 _ GAL~a _ N01 _ GADA~a _ N01",15,6,0.438358235186283,0.163872394327471,0.13285687896527,-0.617090014668154,"Cuneiform (Uruk III)"
"P000336","Cuneiform (Uruk III)","N01 _ NAM2 _ ERIN _ GAL~a _ LA2 _ NAM2 _ APIN~a",13,7,0.693675345807055,0.521991494670993,0.83474492058568,-0.617090014668154,"Cuneiform (Uruk III)"
"P000338","Cuneiform (Uruk III)","GAL~a _ GISZGAL _ GAL~a _ |ZATU737xDI| _ N01",9,5,0.330282551276611,0.0897194736828062,0.92139776523018,-0.617090014668154,"Cuneiform (Uruk III)"
"P000342","Cuneiform (Uruk III)","N01 _ SANGA~a _ |ZATU737xU4| _ N01 _ SANGA~a _ |ZATU737xSAL| _ N01",13,5,0.242688877398609,-0.0770609005942508,0.0548693187852263,-0.617090014668154,"Cuneiform (Uruk III)"
"P000343","Cuneiform (Uruk III)","TAG~a1 _ GAL~a _ SANGA~a _ SANGA~a _ N01 _ GAL~a _ N01 _ GAL~a _ N01 _ ENGIZ",19,6,0.431133611787,-0.0644868330493816,-0.294022397809715,-0.617090014668154,"Cuneiform (Uruk III)"
"P000347","Cuneiform (Uruk III)","N01 _ SANGA~a _ NUN~a _ ME~a _ N01 _ NUN~a _ SANGA~a _ N01 _ ENKUM",17,6,0.45591500908039,0.112484789006045,-0.105693305114871,-0.617090014668154,"Cuneiform (Uruk III)"
"P000349","Cuneiform (Uruk III)","MUSZ3~a _ ME~a _ SANGA~a _ N01 _ N01 _ N01 _ N01",13,5,0.124593783053055,-0.225501296088524,0.0548693187852263,-0.617090014668154,"Cuneiform (Uruk III)"
"P000354","Cuneiform (Uruk III)","N01 _ GAL~a _ N01 _ GAL~a",7,3,-0.288882303202306,-0.86180218655443,0.277690919299643,-0.617090014668154,"Cuneiform (Uruk III)"
"P000356","Cuneiform (Uruk III)","N01 _ MUSZ3~a _ N01 _ BU~a _ NUN~a _ ME~a",11,6,0.531728879473997,0.442559967622293,0.87019381157661,-0.617090014668154,"Cuneiform (Uruk III)"
"P000358","Cuneiform (Uruk III)","N01 _ AK~a _ N01 _ IM~b _ N01 _ TUR _ N01 _ SZA _ N01 _ N01 _ N01",21,6,0.103221329751254,0.186221040152343,-0.446479282372212,-0.617090014668154,"Cuneiform (Uruk III)"
"P000364","Cuneiform (Uruk III)","N14 _ GARA2~a _ N14 _ N14 _ AB2",9,4,-0.0471401136169955,-0.361006599899468,0.358154275040956,-0.617090014668154,"Cuneiform (Uruk III)"
"P000365","Cuneiform (Uruk III)","AD~a _ N01 _ AMAR _ GARA2~a _ SUHUR _ N01",11,6,0.531728879473997,0.324767695804357,0.87019381157661,-0.617090014668154,"Cuneiform (Uruk III)"
"P000366","Cuneiform (Uruk III)","MUNU3 _ N01 N01 N01 N01 N01 _ GAZI _ N01 N01 N01 N01 N01 _ HALUB _ N01",19,5,-0.193437134353098,-0.125357579065538,-0.560821945794086,0.696386709099407,"Aurignacien"
"P000368","Cuneiform (Uruk III)","KAL~a _ AB2 _ N14 _ N01 _ MASZ2",9,6,0.604284785195202,0.39275250665794,1.4846412554194,-0.617090014668154,"Cuneiform (Uruk III)"
"P000373","Cuneiform (Uruk III)","N01 _ SZENNUR~a _ N01 _ GISZ _ N01 _ GI _ N01 _ GI _ ZI~a _ N01 _ GI _ ZI~a _ SZE3 _ N01 _ PIRIG~b1",29,8,0.568730310189375,0.40947043875186,-0.496422054901308,-0.617090014668154,"Cuneiform (Uruk III)"
"P000374","Cuneiform (Uruk III)","UD5~a _ MASZ2",3,3,-0.253980975567002,-0.962278614296477,3.17437172598706,-0.617090014668154,"Cuneiform (Uruk III)"
"P000376","Cuneiform (Uruk III)","GI _ GI _ N01 _ GISZ _ N01 _ GISZ _ KISZIK~a _ N01 _ GISZ _ KISZIK~a",19,5,0.301343079930832,-0.237123653167561,-0.560821945794086,-0.617090014668154,"Cuneiform (Uruk III)"
"P000377","Cuneiform (Uruk III)","N01 _ NAM2 _ N01 _ GI _ N01",9,4,-0.0471401136169955,-0.318440782199455,0.358154275040956,-0.617090014668154,"Cuneiform (Uruk III)"
"P000387","Cuneiform (Uruk III)","|DUG~bxDIN| _ N01 _ |GAN~cxDIN| _ GAN~c",7,5,0.415694869731218,0.0382515663961016,1.72603132264335,-0.617090014668154,"Cuneiform (Uruk III)"
"P000390","Cuneiform (Uruk III)","KISAL~b1 _ N01 _ |AB~axZATU659| _ N01",7,4,0.0634062832644622,-0.423486549572532,1.00186112097149,-0.617090014668154,"Cuneiform (Uruk III)"
"P000394","Cuneiform (Uruk III)","N01 _ N01 _ KU6~a _ A _ N01",9,4,-0.0471401136169955,-0.222259974667026,0.358154275040956,-0.617090014668154,"Cuneiform (Uruk III)"
"P000395","Cuneiform (Uruk III)","N01 _ AGAR2 _ N01 _ ZATU786 _ AGAR2 _ N01 _ AGAR2 _ DUB2",15,5,0.211904636250119,-0.242188266683207,-0.205089215148264,-0.617090014668154,"Cuneiform (Uruk III)"
"P000396","Cuneiform (Uruk III)","N01 _ SAG _ DARA4~a1 _ N01 _ N01 _ U4 _ AL _ GU4 _ GU4",17,7,0.600975015272587,0.628033590464785,0.192494424985305,-0.617090014668154,"Cuneiform (Uruk III)"
"P000397","Cuneiform (Uruk III)","KAD4~a _ N14 _ UD5~a _ N01 _ MASZ2",9,6,0.604284785195202,0.39275250665794,1.4846412554194,-0.617090014668154,"Cuneiform (Uruk III)"
"P000398","Cuneiform (Uruk III)","N14 _ U8 _ N01 _ N14 _ UD5~a",9,5,0.330282551276611,0.0263667953424264,0.92139776523018,-0.617090014668154,"Cuneiform (Uruk III)"
"P000407","Cuneiform (Uruk III)","GU4 _ AMAR _ AMAR",5,3,-0.331703031621868,-0.925518025576909,1.14669516130587,-0.617090014668154,"Cuneiform (Uruk III)"
"P000411","Cuneiform (Uruk III)","N34 _ N14 N14",4,3,-0.358740593053088,-0.901341614764905,1.90707387306131,0.368017528157517,"Cuneiform (Uruk III)"
"P000413","Cuneiform (Uruk III)","N01 _ PAP~a",3,3,-0.253980975567002,-0.962278614296477,3.17437172598706,-0.617090014668154,"Cuneiform (Uruk III)"
"P000425","Cuneiform (Uruk III)","N01 _ ME~a _ N01 _ SUHUR",7,4,0.0634062832644622,-0.351362333143372,1.00186112097149,-0.617090014668154,"Cuneiform (Uruk III)"
"P000427","Cuneiform (Uruk III)","IM~a _ IM~a _ GI",5,3,-0.331703031621868,-0.771299135595498,1.14669516130587,-0.617090014668154,"Cuneiform (Uruk III)"
"P000431","Cuneiform (Uruk III)","N01 _ GISZ _ NAM2 _ N01 _ GISZ _ NU11 _ N01 _ GISZ _ KIN2~c _ N01 _ GI6 _ GISZ _ KIN2~c _ N01 _ |SZE~a.KIN2~c| _ GISZ _ N01 _ DUB~b _ GISZ _ GISZ _ A _ N01 _ SI _ GISZ _ N01 _ GESZTIN~a _ GISZ _ N01 _ GESZTIN~a _ DUR2 _ GISZ _ N01 _ GISZ _ MUSZEN _ N01 _ ALIM _ GISZ _ N01 _ GISZ _ LAM~a _ N01 _ GISZ _ KUR@g~a _ N01 _ N01 _ GISZ _ N01 _ GISZ _ N01 _ GISZ _ DIN _ N01 _ GISZ _ MA _ N01 _ HASZHUR _ GISZ _ N01 _ |(GISZx(DIN.DIN))~a| _ GISZ _ N01 _ BU~a _ GISZ _ GI _ N01 _ BU~a _ ZATU633~a _ GISZ _ GI _ N01 _ BU~a _ MES _ GISZ _ GI _ N01 _ GISZ _ MES _ RU _ N01 _ GISZ _ MES _ MES _ N01 _ ZATU633~a _ MES _ GISZ _ N01 _ GISZ _ A _ N01 _ N57 N57 N57 _ SZU _ SU~a _ GISZ _ N01 _ N57 N57 N57 _ GISZ _ |KU6~a+KU6~a| _ N01 _ GISZ _ ANSZE~b _ LUM _ N01 _ GISZ _ KISZIK~a _ U2~b _ N01 _ N01 _ SZA _ GAL~a _ GISZ _ N01 _ SZA _ SZU _ GISZ _ N01 _ GISZ _ LI _ N01 _ ERIM~a _ GISZ _ N01 _ U4 _ GISZ _ N01 _ IN~b _ HI _ GISZ _ N01 _ IN~b _ HI _ GISZ _ N01 _ IN~b _ HI _ GISZ _ N01 _ BA _ SZE3 _ U2~b _ N01 _ MASZ _ URUDU~a _ GISZ _ N01 _ GISZ _ N01 _ GUL _ BU~a _ GISZ _ N01 _ GISZIMMAR~a2 _ N01 _ GESZTU~a _ GISZ _ N01 _ GESZTU~a _ N01 _ NAGA~a _ GISZ _ N01 _ ALIM _ GISZ _ NUN~a _ N01 _ NAM2 _ E2~a _ N01 _ GISZ@t _ E2~a _ N01 _ GISZ _ PU2 _ N01 _ GISZ _ KI _ N01 _ UR4~b _ GISZ _ SIG _ N01 _ GISZ _ LISZ _ N01 _ BANSZUR~b1 _ GISZ _ N01 _ GISZ _ AD~a _ N01 _ GISZ _ N01 _ BAD _ GISZ _ N01 _ TAG~b _ SZU _ GISZ _ N01 _ SI _ TAG~b _ GISZ _ N01 _ SI _ KAK~a _ GISZ _ N01 _ AL _ N34",421,64,1.55747988730312,2.34029889078931,-1.12420626445941,-0.588944084873134,"Cuneiform (Uruk III)"
"P000433","Cuneiform (Uruk III)","NUN~a _ I _ N01 _ TUM~a _ N01 _ UB _ N01 _ KITI _ N01 _ NI2 _ N01 _ URI3~a _ E2~b _ IR~a _ E2~a _ ERIM2 _ TUR _ MUSZEN _ N01 _ GIBIL6 _ N01 _ N01 _ U4 _ UR2 _ N01 _ N01 _ AN _ NE~a _ AN _ E2~b _ N01 _ NINLIL _ N01 _ N01 _ E2~a _ GISZIMMAR~a2 _ N01 _ AB~a@g _ N01 _ BU~a _ E2~b _ N01 _ N01 _ N01 _ N01 _ AN _ SI _ N01 _ AN _ EZINU~d _ N01 _ BAPPIR~b _ N01 _ N01 _ BAHAR2~b _ E2~a _ NUNUZ~a1 _ N01 _ TILLA2 _ N01 _ AN _ AN _ E2~a _ N01 _ DAR~a _ NESAG2~b",131,32,1.36322298603734,2.17984711325549,-0.656543921025119,-0.617090014668154,"Cuneiform (Uruk III)"
"P000437","Cuneiform (Uruk III)","BAR _ PIRIG~b1 _ N01 _ SU~a _ |1(N57).SZAH2~a| _ N01 _ UDU~a _ SZITA~a1 _ N01 _ DARA3~c _ N01 _ N01",23,9,0.706930519769093,0.809856486984724,0.0887769536461138,-0.617090014668154,"Cuneiform (Uruk III)"
"P000445","Cuneiform (Uruk III)","NAGAR~b _ NAGAR~b _ AN _ NAGAR~b _ TAK4~a _ NAGAR~b _ N01 _ AN _ NU _ N01 _ NU _ GIR~a _ N01 _ AN _ NU _ GIR~a _ N01 _ N01",35,7,0.571957300439006,0.134371602795237,-0.880981403375326,-0.617090014668154,"Cuneiform (Uruk III)"
"P000450","Cuneiform (Uruk III)","GESZTU~b _ TE _ N01 _ AMA~a _ UNUG~a _ N01 _ ZATU687 _ GAL~a _ N01 _ KUR~a _ E2~a _ N01 _ N57 N57 N57 _ TE _ N01 _ MUSZEN",33,12,1.13570940203885,1.24059249765319,-0.0514773541875639,-0.43238235038834,"Cuneiform (Uruk III)"
"P000453","Cuneiform (Uruk III)","N01 _ SIG2~b _ N01 _ N01 _ SUG5 _ N01",11,4,-0.140822058326193,-0.291944300469877,-0.0514773541875639,-0.617090014668154,"Cuneiform (Uruk III)"
"P000454","Cuneiform (Uruk III)","N01 _ BU~a _ SZA3~a1 _ N01 _ SI _ AN _ PAP~a _ N01 _ DU _ AN _ SZUBUR _ N01 _ TAK4~a _ SI4~a",27,11,1.00105240406305,1.26755171076161,0.170406444977883,-0.617090014668154,"Cuneiform (Uruk III)"
"P000456","Cuneiform (Uruk III)","N01 _ N01 _ N01 _ |1(N57).SZUBUR| _ N01 _ MAR~a@t _ SZUBUR _ N01 _ SZUBUR _ N01 _ N01 _ SZUBUR _ ADAB _ N01 _ SZUBUR _ LAL2~a _ N01",33,7,0.255361219172672,0.307352777557019,-0.819536658991048,-0.617090014668154,"Cuneiform (Uruk III)"
"P000457","Cuneiform (Uruk III)","N01 _ N14 _ KAR2~b _ N14 _ U8 _ N01 _ UDUNITA~a _ N01 N01 N01 N01 N01 _ N14 _ N14",23,6,0.357537222291958,0.245393064444633,-0.572421926141233,-0.0797586276723324,"Cuneiform (Uruk III)"
"P000459","Cuneiform (Uruk III)","N01 _ GALGA~a _ ME~a _ N01 _ LAGAR~a _ IB~a _ N01 _ LAGAR~a _ GAR _ N01 _ GAL~a _ N01 _ SZIDIM",25,9,0.724691247447427,0.773808498442731,-0.0699107775028492,-0.617090014668154,"Cuneiform (Uruk III)"
"P000461","Cuneiform (Uruk III)","N01 _ GAL~a _ N01 _ NAM2 _ APIN~a _ N01 _ |SZE~a.NAM2| _ N01 _ PA~a _ NAM2 _ RAD~a _ N01 _ AB~a _ ME~a _ N01 _ GAL~a _ |1(N58).BAD~a| _ N01 _ EN~a _ IB~a _ N01 _ GAL~a _ SZITA~a1 _ N01 _ ABGAL _ N01 _ KINGAL _ N01 _ GAL~a _ TE _ SUKKAL _ N01 _ N01 _ GAL~a _ N01 _ N01 _ GAL~a _ N01 _ GAL~a _ N01 _ GAL~a _ SZAB~a _ N01 _ BU~a _ SZAB~a _ N01 _ GAL~a _ NESAG2~a _ N01 _ GAL~a _ TUR3~a _ N01 _ GAL~a _ UMUN2 _ N01 _ ERIN _ UMUN2 _ N01 _ UMUN2 _ N01 _ N01 _ N01 _ SANGA~a _ N01 _ GAL~a _ N01 _ GAL~a _ ISZ~b",135,26,1.05671465247015,1.52203630769387,-0.918530969387938,-0.617090014668154,"Cuneiform (Uruk III)"
"P000467","Cuneiform (Uruk III)","SUKKAL _ SUKKAL _ GA~c _ GA~c _ N01 _ AB~a _ UMUN2 _ N01 _ GAL~a _ N01 _ GAL~a",21,7,0.625582923862765,0.523615789851063,-0.205089215148264,-0.617090014668154,"Cuneiform (Uruk III)"
"P000468","Cuneiform (Uruk III)","N01 _ SU~a _ NI~b _ N01 _ E2~a _ SU~a _ NI~b _ N01 _ GAN~a _ N01 _ GAN~a _ N01 _ GAN~a _ N01 _ |DUG~bxX| _ N01 _ |DUG~bxX| _ N01 _ |DUG~bx(ZATU789.SA~a)| _ N01 _ |DUG~bx(TAK4~a.SA~a)| _ N01 _ |DUG~bxX| _ N01 _ N01",49,9,0.523298365274881,0.286342096868382,-0.963743712137824,-0.617090014668154,"Cuneiform (Uruk III)"
"P000469","Cuneiform (Uruk III)","N01 _ NI~a _ N01 _ DUG~b _ N01 _ DUG~c _ N01 _ |DUG~cx1(N57)| _ N01 _ N01 _ IR~a _ N01 _ NE~a _ IR~a",27,8,0.468963609234017,0.665104231992195,-0.392837045211337,-0.617090014668154,"Cuneiform (Uruk III)"
"P000470","Cuneiform (Uruk III)","GISZGAL _ GAL~a _ |ZATU737xDI| _ N01 _ SANGA~a _ |ZATU737xDI| _ N01 _ SANGA~a _ |ZATU737xU4| _ DAM _ N01 _ NUN~a _ BU3 _ N01 _ KAR2~a _ ME~a _ N01 _ NUN~a _ GALGA~a _ N01 _ LAGAR~a _ IB~a _ N01 _ N01 _ SANGA~a _ N01 _ APIN~a _ N01",55,16,1.10111311698306,1.43857163435205,-0.420145820493236,-0.617090014668154,"Cuneiform (Uruk III)"
"P000475","Cuneiform (Uruk III)","N01 _ N01 _ |SILA3~axGESZTU~a| _ N01 _ GU4 _ N01 _ UTUL~a",13,5,0.124593783053055,0.037550239176759,0.0548693187852263,-0.617090014668154,"Cuneiform (Uruk III)"
"P000477","Cuneiform (Uruk III)","KU6~a _ KU6~a _ MUSZEN _ KU6~a _ N01 _ DAR~c _ KU6~a _ N01 _ MUN~a4 _ KU6~a _ N01 _ KUSZU2~c _ KU6~a _ N01 _ BU~a _ N01 _ |GA2~a1xU4| _ N01 _ |GA2~a1xPAP~a| _ N01 _ |GA2~a1xA| _ N01 _ |GA2~a1xKU6~a| _ N01 _ N01 _ N01",51,12,0.684090107209894,1.08983891400565,-0.70206876531522,-0.617090014668154,"Cuneiform (Uruk III)"
"P000478","Cuneiform (Uruk III)","N01 _ SZA3~a1 _ URI _ N01 _ GAR _ MUNU3 _ GAZI _ HALUB _ N01 N01 N01 N01 _ N14 _ DA~a _ KISZ _ N14 _ GA~b _ N14",32,12,1.12211868230508,1.50312528175044,0.00612709367269553,-0.331091050621991,"Cuneiform (Uruk III)"
"P000479","Cuneiform (Uruk III)","AMAR _ AMAR _ ZAG~a _ AMAR",7,3,-0.421851428741605,-0.689439410856005,0.277690919299643,-0.617090014668154,"Cuneiform (Uruk III)"
"P000482","Cuneiform (Uruk III)","N01 _ N01 _ |NUN~a+EN~a| _ N01 _ |SZU2.EN~a| _ AN _ N01 _ N01 _ EN~a",17,6,0.248859767162813,0.235008538341551,-0.105693305114871,-0.617090014668154,"Cuneiform (Uruk III)"
"P000483","Cuneiform (Uruk III)","AN _ MUSZ3~a _ |ZATU651xAN| _ UNUG~a _ N01 _ AN _ MUSZ3~a _ KAR2~a _ GI6 _ UNUG~a _ N01 _ N01",23,8,0.752753085305239,0.499052802087112,-0.131622672949667,-0.617090014668154,"Cuneiform (Uruk III)"
"P000484","Cuneiform (Uruk III)","N01 _ |LAGAB~axX| _ N01 _ |LAGAB~axTI| _ N01 _ N01 _ BARA2~a _ N01 _ N01 _ N01 _ SZU2 _ N01 _ N01 _ N01",27,6,-0.0593034042660799,-0.0616124068436774,-0.768332705337483,-0.617090014668154,"Cuneiform (Uruk III)"
"P000485","Cuneiform (Uruk III)","GI _ N01 _ N01 _ N01 _ GI _ GI",11,3,-0.310055490830752,-0.718322772695174,-0.512312937069653,-0.617090014668154,"Cuneiform (Uruk III)"
"P000486","Cuneiform (Uruk III)","N01 _ N01 _ IM~a",5,3,-0.331703031621868,-0.771299135595498,1.14669516130587,-0.617090014668154,"Cuneiform (Uruk III)"
"P000491","Cuneiform (Uruk III)","N01 _ GESZTU~b _ N01 _ UKKIN~a _ NIR~a _ N01 _ GA'AR~a1 _ N01 _ AN _ N01",19,7,0.42465281554719,0.529691063893002,-0.0272228498253502,-0.617090014668154,"Cuneiform (Uruk III)"
"P000498","Cuneiform (Uruk III)","N01 _ DUB~a _ SANGA~a _ N01 _ SUHUR",9,5,0.330282551276611,0.0263667953424264,0.92139776523018,-0.617090014668154,"Cuneiform (Uruk III)"
"P000499","Cuneiform (Uruk III)","N01 _ NAM2 _ PA~a _ N01 _ NAM2 _ PA~a _ GIR3~c _ N01 _ UB _ SAG _ N01 _ ZATU725",23,8,0.686003684153404,0.597766485162883,-0.131622672949667,-0.617090014668154,"Cuneiform (Uruk III)"
"P000501","Cuneiform (Uruk III)","N01 _ NI~a _ N01 _ DUG~b _ N01 _ DUG~c",11,5,0.222928517288319,-0.0160533003017479,0.409358228694526,-0.617090014668154,"Cuneiform (Uruk III)"
"P000502","Cuneiform (Uruk III)","N01 _ SZU _ N01 _ GAL~a",7,4,0.0634062832644622,-0.351362333143372,1.00186112097149,-0.617090014668154,"Cuneiform (Uruk III)"
"P000506","Cuneiform (Uruk III)","N01 _ |DUG~bxX| _ N01 _ |DUG~bxGISZ| _ N01 _ |DUG~bxX| _ N01 _ N01 _ N01 _ GI _ U2~a _ NI~b _ N01",25,7,0.328064268687017,0.419161379222856,-0.475446090439087,-0.617090014668154,"Cuneiform (Uruk III)"
"P000511","Cuneiform (Uruk III)","MUNU3 _ GAZI _ HALUB _ MUSZEN _ SZE~a _ N01 N01 N01 N01 _ N14 _ DA~a _ KISZ _ N14 _ GA~b _ N14 _ GARA2~a _ N14 _ AB2 _ N01 _ N45 _ N01 _ N01 _ SZENNUR~a _ N01 _ GISZ _ N01 _ GI",50,17,1.28416045832526,1.80053067752004,-0.171294605736909,-0.436151894557316,"Cuneiform (Uruk III)"
"P000512","Cuneiform (Uruk III)","GA'AR~a1 _ N01 _ U4 _ N01 _ U4 _ TUG2~a@g _ GI6 _ TUG2~a",15,7,0.664811834122447,0.481409346033847,0.470802973078804,-0.617090014668154,"Cuneiform (Uruk III)"
"P000514","Cuneiform (Uruk III)","NI~b _ NI~b _ GAN~a _ |DUG~bxX| _ N01 _ |DUG~bx(SA~a.GI)| _ N01 _ |DUG~bxNAGA~a| _ N01 _ N01 _ |DUG~bxX| _ N01 _ |DUG~bxMASZ| _ N01 _ |DUG~bxSI4~a| _ N01 _ |DUG~bx(KUR~a.X)| _ N01 _ |DUG~bxX| _ N01 _ |DUG~bxX| _ N01 _ |DUG~bxX| _ N01 _ |DUG~bxX| _ N01 _ N34 _ N01 N01 _ PAP~a",58,12,0.64774034221592,0.651515143564697,-0.84602146260496,-0.565242249256276,"Cuneiform (Uruk III)"
"P000518","Cuneiform (Uruk III)","MUSZEN _ SZE~a _ MASZ _ SI4~a _ TU~b _ GUKKAL~c _ AB2 _ N01 _ GU4 _ N14 _ U8 _ N01 _ UTUA~b _ N14 _ UD5~a _ N01 _ MASZ2 _ N34 _ N14 _ N01 _ BALA~a _ MUSZEN _ N01 _ ISZ~b _ N01 _ NAR _ N01 _ GI _ ZI~a _ N01 _ ZATU718 _ E2~a _ PIRIG~b1 _ N01 _ EN~a _ SZE3 _ N01 _ EN~a _ SZE3 _ ZI~a _ N01 _ SAL _ ISZ~b _ N01 _ N01 _ SAL _ NE~a _ N01 _ EN~a _ N01 _ KI",101,29,1.60276373889541,2.19435875503793,-0.439309280375463,-0.617090014668154,"Cuneiform (Uruk III)"
"P000519","Cuneiform (Uruk III)","N01 _ MIR~b _ N01 _ ZATU732 _ N01 _ SZAKIR~b _ N01 _ N01 _ GIR2~a _ N01 _ AN _ GIR2~a _ N01 _ DIM~c _ DIM~c _ N01 _ N01 _ N01 _ DILMUN _ TUN3~a _ N01 _ NAGAR~b _ N01 _ AN _ NAGAR~b _ N01 _ NAGAR~b _ SZITA~a1 _ N01 _ NAGAR~b _ SZITA~a1 _ NAGAR~b _ ME~a _ NAGAR~b _ ME~a _ NAGAR~b _ PU2 _ N01 _ AN _ NAGAR~b _ PU2 _ N01 _ TAK4~a _ MAR~b _ N01 _ AN _ TAK4~a _ N01 _ N01 _ AN _ N01 _ NU _ N01 _ NU _ AN _ N01 _ N01 _ N01 _ N01 _ N01",119,17,0.876198407916021,0.912450502385255,-1.17064948404407,-0.617090014668154,"Cuneiform (Uruk III)"
"P000522","Cuneiform (Uruk III)","N01 _ GAL~a _ SZUBUR _ N01 _ NAM2 _ APIN~a _ N01 _ |SZE~a.NAM2| _ N01 _ GAL~a _ GA~a _ N01 _ SIG2~b _ GA~a _ N01 _ GAL~a _ KISAL~b2 _ N01 _ GAL~a _ NIM~a _ N01 _ GAL~a _ N01 _ GAL~a _ SZAB~a _ N01 _ SZAB~a _ N01 _ N01 _ N01 _ GAL~a _ N01 _ TUR _ IM~a _ N01 _ GAL~a _ N01 _ GAL~a _ N01 _ GAL~a _ N01 _ |ZATU737xX| _ N01 _ |ZATU737xX| _ N01 _ |ZATU737xX| _ N01 _ N01 _ LAGAR~a _ GAR _ N01 _ MUSZ3~a _ N01 _ BU~a _ NUN~a _ ME~a _ N01 _ BU~a _ SANGA~a _ NUN~a _ ME~a _ N01 _ N01 _ N01",127,22,0.980232729628911,1.2431398130798,-1.01669203959415,-0.617090014668154,"Cuneiform (Uruk III)"
"P000529","Cuneiform (Uruk III)","N01 _ N01 _ SZAKIR~b _ N01",7,3,-0.421851428741605,-0.689439410856005,0.277690919299643,-0.617090014668154,"Cuneiform (Uruk III)"
"P000539","Cuneiform (Uruk III)","|ZATU737xX| _ N01 _ GAL~a _ N01 _ SZIDIM _ NIGIN _ N01 _ GAL~a _ KAK~a _ KAK~a _ GAL~a _ SZAGAN _ N01 _ N01 _ KU~b2 _ N01 _ GAL~a",33,9,0.667095035420243,0.626203982626391,-0.512312937069653,-0.617090014668154,"Cuneiform (Uruk III)"
"P000540","Cuneiform (Uruk III)","N01 _ ILDUM~b _ N01 _ TAK4~a _ N01 _ |AB~axZATU659| _ N01 _ NIN _ NUN~a _ N01 _ URU~a1 _ N01 _ N01 _ GI4~a _ N01 _ GAN2 _ GI4~a _ N01 _ GAN2 _ BU~a _ GI4~a _ N01 _ BAD3~a _ N01 _ N01",49,12,0.693274777409098,0.965044897340955,-0.65338505427846,-0.617090014668154,"Cuneiform (Uruk III)"
"P000545","Cuneiform (Uruk III)","N01 _ NI~a _ N01 _ DUG~b _ N01 _ DUG~c _ N01 _ N01 _ N01 _ N01",19,5,-0.0972247880849207,-0.152368686847262,-0.560821945794086,-0.617090014668154,"Cuneiform (Uruk III)"
"P000547","Cuneiform (Uruk III)","N01 _ N01 _ N01 _ GAL~a _ N01 _ GAL~a",11,3,-0.365005704259585,-0.670750800951952,-0.512312937069653,-0.617090014668154,"Cuneiform (Uruk III)"
"P000553","Cuneiform (Uruk III)","N01 _ NAGA~a _ DU _ PAP~a",7,5,0.415694869731218,0.0382515663961016,1.72603132264335,-0.617090014668154,"Cuneiform (Uruk III)"
"P000568","Cuneiform (Uruk III)","N01 _ SI _ MUSZEN _ N01 _ GISZ3~b _ MUSZEN _ N01 _ MUSZEN",15,5,0.211904636250119,-0.201372643562062,-0.205089215148264,-0.617090014668154,"Cuneiform (Uruk III)"
"P000569","Cuneiform (Uruk III)","N01 _ SAL _ NE~a _ N01 _ AL _ GAR _ N01",13,6,0.432382731649951,0.361726809215921,0.444807119685456,-0.617090014668154,"Cuneiform (Uruk III)"
"P000572","Cuneiform (Uruk III)","NAM2 _ DI _ N01 _ NAM2 _ NAM2 _ N01 _ NAM2 _ URU~a1 _ N01 _ NAM2 _ ERIN _ EN~a _ IB~a _ N01 _ GAL~a _ SZITA~a1 _ N01 _ ABGAL _ N01 _ KINGAL _ N01 _ GAL~a _ N34",45,13,0.963724853913065,1.27325779946787,-0.43038661122395,-0.617090014668154,"Cuneiform (Uruk III)"
"P000575","Cuneiform (Uruk III)","IDIGNA _ ISZ~b _ N01 _ N01 _ TUR _ SIG2~a1 _ N01 _ GI _ N01",17,7,0.510667001949516,0.505661643673713,0.192494424985305,-0.617090014668154,"Cuneiform (Uruk III)"
"P000578","Cuneiform (Uruk III)","SZE~a _ SZE~a@t _ A _ |SZE~a&SZE~a| _ N01 _ N01",11,6,0.531728879473997,0.324767695804357,0.87019381157661,-0.617090014668154,"Cuneiform (Uruk III)"
"P000582","Cuneiform (Uruk III)","N01 _ GAL~a _ IM~a _ N01 _ TUR _ IM~a _ GAL~a _ SZA _ GAL~a _ ERIN _ N01 _ GAL~a _ SANGA~a _ N01 _ DUB~a _ N01 _ SUG5 _ N01 _ UB _ N01 _ AN _ N01 _ N01 _ N01 _ AN",49,12,0.807898325004954,1.07101737888713,-0.65338505427846,-0.617090014668154,"Cuneiform (Uruk III)"
"P000583","Cuneiform (Uruk III)","N01 _ KISIM~b _ N01 _ NI~b _ HI _ NI~b _ NI~b _ N01 _ |DUG~bxKASKAL| _ N01 _ KASZ~b _ N01 _ |DUG~bxX| _ N01",27,8,0.532295661196588,0.658256173635227,-0.392837045211337,-0.617090014668154,"Cuneiform (Uruk III)"
"P000584","Cuneiform (Uruk III)","N01 _ GA'AR~a1 _ N01 _ SZE3@t _ GA'AR~a1 _ GA'AR~a1 _ GA'AR~a1",13,4,-0.0651000711982741,-0.407593696221796,-0.335068482115004,-0.617090014668154,"Cuneiform (Uruk III)"
"P000586","Cuneiform (Uruk III)","N01 _ N01 _ E2~b _ N01 _ N01 _ PAP~a _ |SILA3~bxNI~b| _ N01 _ N01 _ N01 _ N01 _ AN _ NU11",25,7,0.212234537627527,0.279168984428805,-0.475446090439087,-0.617090014668154,"Cuneiform (Uruk III)"
"P000591","Cuneiform (Uruk III)","NI~b _ IR~a _ IR~a _ IR~a _ NI~b _ N01 _ |DUG~bxSZE~a| _ N01 _ |DUG~bxBALA~a| _ N01 _ |DUG~bxKASKAL| _ N01 _ KASZ~b _ N01 _ |DUG~bxGESZTU~a| _ N01 _ |DUG~bxX| _ N01 _ |DUG~bx(SA~a.GI)| _ N01 _ |DUG~bxNAGA~a| _ N01 _ |DUG~bxX| _ N01 _ N01 _ |DUG~bxSA~a| _ N01 _ |DUG~bxSIG7| _ N01 _ |DUG~bxSIG2~a2| _ N01 _ |DUG~bxTI| _ N01 _ |DUG~bxMASZ| _ N01 _ |DUG~bxX| _ N01 _ |DUG~bxX|",75,17,0.918162504165539,1.45468597610388,-0.745802965729911,-0.617090014668154,"Cuneiform (Uruk III)"
"P000598","Cuneiform (Uruk III)","|DUG~bxX| _ KASZ~b _ |DUG~bxGESZTU~a| _ |DUG~bxX| _ |DUG~bxX| _ N01 _ |DUG~bxZATU764| _ N01 _ N01 _ |DUG~bxMASZ| _ N01 _ |DUG~bxX| _ N01 _ N01 _ N01",29,7,0.339695633860943,0.180654243002624,-0.671221758753132,-0.617090014668154,"Cuneiform (Uruk III)"
"P000599","Cuneiform (Uruk III)","SUKKAL _ SUKKAL _ GAL~a _ TUR3~a _ N01 _ GAL~a _ UMUN2 _ N01 _ ERIN _ UMUN2 _ N01 _ UB _ N01",25,8,0.705438558680995,0.629715171363025,-0.272678433970968,-0.617090014668154,"Cuneiform (Uruk III)"
"P000601","Cuneiform (Uruk III)","NAMESZDA _ NAM2 _ KAB _ N01 _ NAM2 _ DI _ NAM2 _ NAM2 _ N01 _ KINGAL _ N01 _ GAL~a _ N01 _ GAL~a _ HI _ U4",31,10,0.853456515898743,0.849310349153783,-0.259596649682704,-0.617090014668154,"Cuneiform (Uruk III)"
"P000609","Cuneiform (Uruk III)","SUHUR _ SUHUR _ N01 _ HI _ SUHUR _ N01 _ PAP~a _ SUKUD _ N01 _ NUN~a _ SUKUD _ N01 _ N01 _ N01 _ N01 _ N57 _ N01 _ N57 _ N01 _ N02 _ KU6~a _ N01 _ DUR2 _ N34 _ N14 _ N01 N01 N01 N01 N01 N01",56,13,0.794136651233042,1.23084852477038,-0.718043107999159,-0.348424321170243,"Cuneiform (Uruk III)"
"P000623","Cuneiform (Uruk III)","N01 _ SZAH2~a _ KU6~a _ N01 _ SUHUR",9,5,0.330282551276611,0.0263667953424264,0.92139776523018,-0.617090014668154,"Cuneiform (Uruk III)"
"P000625","Cuneiform (Uruk III)","N01 _ TAK4~a _ |GIR~b.GIR~b| _ N01 _ TUM~a _ ANSZE~b _ N01 _ ANSZE~b",15,6,0.438358235186283,0.253761202423088,0.13285687896527,-0.617090014668154,"Cuneiform (Uruk III)"
"P000626","Cuneiform (Uruk III)","N01 _ N01 _ GA~a _ N01 _ PAP~a _ N01 _ N57 N57 N57 _ ZATU751~b _ N01 _ |SILA3~cxZATU687| _ N01 _ PAP~a _ N01 _ N01",29,7,0.428721065353666,0.364531818871692,-0.671221758753132,-0.40599554120551,"Cuneiform (Uruk III)"
"P000628","Cuneiform (Uruk III)","N01 _ N01 _ N01 _ EN~a _ N01",9,3,-0.491724150479173,-0.590547619454301,-0.205089215148264,-0.617090014668154,"Cuneiform (Uruk III)"
"P000629","Cuneiform (Uruk III)","ZATU647 _ N01 _ PAP~a _ NU _ N01 _ BU~a _ HI _ N01",15,7,0.602759575537447,0.532312042900118,0.470802973078804,-0.617090014668154,"Cuneiform (Uruk III)"
"P000630","Cuneiform (Uruk III)","N01 _ DUG~b _ N01 _ GISZIMMAR~b1 _ N01",9,4,-0.0471401136169955,-0.318440782199455,0.358154275040956,-0.617090014668154,"Cuneiform (Uruk III)"
"P000632","Cuneiform (Uruk III)","N01 _ BANSZUR~c _ N01 _ ZATU786 _ BANSZUR~c _ A _ N01 _ AL _ N01 _ AL _ N01 _ AL _ N06 _ N01 _ AL _ SZU",31,8,0.554758836113191,0.347016384980432,-0.586641256889348,-0.617090014668154,"Cuneiform (Uruk III)"
"P000634","Cuneiform (Uruk III)","N01 _ NIM~a _ N01",5,3,-0.331703031621868,-0.808059724315066,1.14669516130587,-0.617090014668154,"Cuneiform (Uruk III)"
"P000641","Cuneiform (Uruk III)","SZAKIR~b _ N01 _ AN _ TAK4~a _ NAGAR~a _ N01 _ TAK4~a _ NAGAR~a _ N01 _ TAK4~a _ NAGAR~a _ BUR~a _ NAGAR~a _ NAGAR~a _ NAGAR~a _ PU2 _ NAGAR~a _ N01 _ N01 _ N01 _ N01 _ NAGA~a _ SILA3~a _ N01 _ SILA3~a _ N01 _ ZATU707~a _ N01 _ SAG@n _ N01 _ N34 _ N14 N14 N14 N14 _ N01 _ SANGA~a _ PIRIG~a1",72,16,1.11119476501987,1.3523089092773,-0.768332705337483,-0.492217227549406,"Cuneiform (Uruk III)"
"P000644","Cuneiform (Uruk III)","SU~a _ HAL _ N01 _ AN _ KI _ N01",11,6,0.531728879473997,0.324767695804357,0.87019381157661,-0.617090014668154,"Cuneiform (Uruk III)"
"P000648","Cuneiform (Uruk III)","N01 _ SZU2 _ |DUG~bxDIN| _ |DUG~bxDIN|",7,4,0.0634062832644622,-0.423486549572532,1.00186112097149,-0.617090014668154,"Cuneiform (Uruk III)"
"P000652","Cuneiform (Uruk III)","N01 _ SIG _ N01 _ BANSZUR~b2 _ N01 _ GISZ _ LISZ _ N01 _ N01 _ TUR",19,7,0.42465281554719,0.471035707798076,-0.0272228498253502,-0.617090014668154,"Cuneiform (Uruk III)"
"P000655","Cuneiform (Uruk III)","N01 _ NAM2 _ ERIN _ N01 _ GAL~a _ SZUBUR _ N01 _ NAM2 _ APIN~a _ N01 _ |SZE~a.NAM2| _ N01 _ NAM2",25,8,0.588819088085729,0.53509023721276,-0.272678433970968,-0.617090014668154,"Cuneiform (Uruk III)"
"P000656","Cuneiform (Uruk III)","GAL~a _ GAL~a",3,2,-1.07598767732279,-1.42769612154256,1.4846412554194,-0.617090014668154,"Cuneiform (Uruk III)"
"P000659","Cuneiform (Uruk III)","N01 _ NAGAR~a _ N01 _ N01 _ SILA3~b _ N01 _ NAGA~a _ SILA3~b _ SILA3~b _ SILA3~b _ N01 _ N01 _ |UR2xTAR| _ N01 _ |UR2xTAR| _ AN _ TAR~a _ N01 _ SI _ ZATU777",39,10,0.682048370391215,0.861353801817935,-0.595027016048493,-0.617090014668154,"Cuneiform (Uruk III)"
"P000667","Cuneiform (Uruk III)","EZEN~b _ ME~a _ SZIDIM",5,4,0.1615009894316,-0.39896512979864,2.16053344364646,-0.617090014668154,"Cuneiform (Uruk III)"
"P000670","Cuneiform (Uruk III)","N01 _ GAL~a _ SZITA~a1 _ N01 _ ABGAL _ N01 _ KINGAL _ GAL~a _ N01 _ GAL~a _ TUR3~a _ N01 _ GAL~a _ UMUN2 _ N01 _ UMUN2",31,8,0.554758836113191,0.460569266913816,-0.586641256889348,-0.617090014668154,"Cuneiform (Uruk III)"
"P000671","Cuneiform (Uruk III)","N01 _ RU _ MES _ N01 _ MES _ MES _ MES",13,4,-0.0651000711982741,-0.451453242765142,-0.335068482115004,-0.617090014668154,"Cuneiform (Uruk III)"
"P000673","Cuneiform (Uruk III)","N01 _ GISZ _ N01 _ GISZ _ DUR2 _ DARA3~c _ N01 _ N01 _ N01",17,5,0.103799760970616,-0.0777663632388801,-0.403881035215043,-0.617090014668154,"Cuneiform (Uruk III)"
"P000675","Cuneiform (Uruk III)","N01 _ ZATU753 _ N01 _ SANGA~a _ N01 _ EN~a _ AN _ N01 _ EN~a _ SAG _ N01 _ NAMESZDA _ N01 _ NAM2 _ URU~a1 _ N01 _ AN _ N01 _ MEN~a _ SZA3~a1 _ AN _ N01 _ EN~a _ N01 _ N01",49,12,0.748909064193609,0.945041985439016,-0.65338505427846,-0.617090014668154,"Cuneiform (Uruk III)"
"P000678","Cuneiform (Uruk III)","N01 _ N01 _ |DUG~bxMASZ| _ N01",7,3,-0.421851428741605,-0.689439410856005,0.277690919299643,-0.617090014668154,"Cuneiform (Uruk III)"
"P000680","Cuneiform (Uruk III)","N01 _ BU~a _ NUN~a _ ME~a _ N01 _ SANGA~a _ BU~a _ NUN~a _ A",17,7,0.655727008141714,0.355481582852067,0.192494424985305,-0.617090014668154,"Cuneiform (Uruk III)"
"P000685","Cuneiform (Uruk III)","N01 _ NAM2 _ RAD~a _ EN~a _ IB~a _ N01 _ GAL~a _ SZITA~a1 _ N01 _ SIG2~b _ GA~a _ N01 _ GAL~a _ KISAL~b1",27,11,1.00105240406305,1.14058364051322,0.170406444977883,-0.617090014668154,"Cuneiform (Uruk III)"
"P000686","Cuneiform (Uruk III)","N01 _ ENKUM _ N01 _ NINKUM _ N01 _ GAL~a _ ISZ~a _ N01 _ N01 _ N01 _ N01 _ GAL~a _ N01 _ GAL~a _ N01 _ N01",31,6,0.0589935967656171,-0.134661591179527,-0.913685864095991,-0.617090014668154,"Cuneiform (Uruk III)"
"P000691","Cuneiform (Uruk III)","N01 _ |DUG~bxZATU779| _ N01 _ |DUG~bxZATU780| _ N01 _ |DUG~bxTAK4~a| _ N01 _ |DUG~bxZATU781| _ N01 _ N01",19,6,0.171552548074652,0.227552138796044,-0.294022397809715,-0.617090014668154,"Cuneiform (Uruk III)"
"P000694","Cuneiform (Uruk III)","|BAD&BAD| _ ZATU623 _ N01 _ N01 _ UR2 _ N01 _ SI _ UR4~b _ N01 _ BAR _ UR4~b _ N01 _ MAR~a",25,9,0.724691247447427,0.72723411686314,-0.0699107775028492,-0.617090014668154,"Cuneiform (Uruk III)"
"P000697","Cuneiform (Uruk III)","SANGA~a _ SANGA~a _ SANGA~a",5,2,-1.01106382843035,-1.29785203137378,0.13285687896527,-0.617090014668154,"Cuneiform (Uruk III)"
"P000704","Cuneiform (Uruk III)","N01 _ PAP~a _ SUKUD",5,4,0.1615009894316,-0.39896512979864,2.16053344364646,-0.617090014668154,"Cuneiform (Uruk III)"
"P000708","Cuneiform (Uruk III)","N01 _ N01",3,2,-1.07598767732279,-1.42769612154256,1.4846412554194,-0.617090014668154,"Cuneiform (Uruk III)"
"P000737","Cuneiform (Uruk III)","N01 _ BA _ SZITA~a1 _ N14 _ AN _ HI _ SZITA~a1 _ N14 _ SIG7 _ SZITA~a1 _ N01 N01 N01 N01 N01 _ SZITA~a1 _ BU~a _ TUR",31,10,0.972297508779368,0.960082407500849,-0.259596649682704,-0.223046997537886,"Cuneiform (Uruk III)"
"P000741","Cuneiform (Uruk III)","N34 N34",2,1,-2.20825567200359,-2.03993650536594,0.639776020135568,2.33823261380886,"Aurignacien"
"P000760","Cuneiform (Uruk III)","N01 N01 _ SAL _ KI _ N01 _ SAL _ SZA3~a1 _ N01 N01 _ N01 N01 _ N01 N01 N01 N01 N01 N01 N01 N01 _ |U4.SZU2| _ SA~a _ N01 N01 _ N01 N01 N01 N01 N01 _ N14 _ N01 N01 N01 N01 N01 N01 _ N14 _ N01 N01",54,8,-0.0263483175760357,0.0909870810941518,-1.14382836546363,0.553886875860476,"Aurignacien"
"P000783","Cuneiform (Uruk III)","AB2 _ N14 _ BA _ N01 N01 N01 N01 N01 N01 N01 N01 _ KU3~a _ N34 N34 _ AB2 _ SZITA~a1 _ N34 _ N14 N14 N14 N14 _ SZITA~a1 _ N14 N14 _ |(SZAxHI@g~a)~b| _ N39~a N39~a N39~a N39~a _ HI@g~a _ N39~a N39~a N39~a _ N24 _ N01 _ N39~a N39~a _ N24 _ N28 _ N39~a N39~a _ IDIGNA _ AN _ MEN~a _ GESZTU~b",70,17,1.59582626717179,1.75017668252519,-0.663730342873769,0.196694477231315,"Cuneiform (Uruk III)"
"P000784","Cuneiform (Uruk III)","N34 N34 _ N01 N01 N01 _ SZITA~b1 _ N34 N34 _ N01 N01 N01 N01 _ SZITA~a1 _ DU _ N34 N34 _ N01 N01 N01 N01 _ SZITA@g~a _ N34 N34 _ N01 N01 N01 N01 _ |3(N57).PIRIG~b1| _ N34@f N34@f N34@f N34@f N34@f N34@f N34@f _ N01@f",50,10,0.914588819041038,0.645661525404424,-0.880981403375326,0.649476826107711,"Cuneiform (Uruk III)"
"P001065","Cuneiform (Uruk III)","N51 _ |U4x3(N57)|",3,3,-0.253980975567002,-0.962278614296477,3.17437172598706,-0.617090014668154,"Cuneiform (Uruk III)"
"P001066","Cuneiform (Uruk III)","GESZTU~b _ |ESZDAxTAR|",3,3,-0.253980975567002,-0.962278614296477,3.17437172598706,-0.617090014668154,"Cuneiform (Uruk III)"
"P001067","Cuneiform (Uruk III)","N14 N14 _ N01 N01 _ ERIM~a _ N34 _ N01 N01 _ SZU _ N14 _ GA2~b",18,7,0.713449196179212,0.641825285573919,0.0765325299463486,-0.0955624919957398,"Cuneiform (Uruk III)"
"P001072","Cuneiform (Uruk III)","N34 N34 _ N01 N01 N01 N01 N01 N01 _ ZATU647 _ AMA~a",13,5,0.242688877398609,0.23121442736796,0.0548693187852263,0.860571299570353,"Aurignacien"
"P001076","Cuneiform (Uruk III)","N01 N01 N01 N01 N01 N01",6,1,-2.20825567200359,-1.42481380792953,-1.04995445043209,2.33823261380886,"Aurignacien"
"P001152","Cuneiform (Uruk III)","N34 N34 _ N01 _ N14 _ N34 N34",9,4,-0.0471401136169955,-0.166568802923881,0.358154275040956,0.1217406424511,"Cuneiform (Uruk III)"
"P001715","Cuneiform (Uruk III)","N51 _ N34 _ N14 _ N01 N01 N01 N01 N01 N01 _ GAL~a _ N51 N51 N51 N51 _ N14 N14 N14 _ N01 N01 _ N51 N51 N51 N51 N51 N51 N51 _ N14 N14 _ N01 _ |NUN~b+EN~a| _ N01 N01 _ SZU _ N51 N51 N51 _ N34 _ AN _ RU _ N34 _ N34 N34",61,10,0.971047258733521,0.774812076990129,-1.06380470019084,0.466528282440086,"Cuneiform (Uruk III)"
"P001719","Cuneiform (Uruk III)","N14 _ N01 N01 _ GUM~b",6,4,0.157022375310884,-0.327720699044836,1.4846412554194,-0.0260254889727508,"Cuneiform (Uruk III)"
"P001721","Cuneiform (Uruk III)","N34 _ N14 N14 N14 N14 N14 _ N34 _ N14 _ N01 N01 _ N14 N14",17,4,-0.0412602452215815,-0.104197049881987,-0.70206876531522,0.491155971010727,"Aurignacien"
"P001723","Cuneiform (Uruk III)","N14 _ N34 _ N51 N51 _ N34",8,4,0.141416448416867,-0.358412974221663,0.639776020135568,-0.194901067742866,"Cuneiform (Uruk III)"
"P001762","Cuneiform (Uruk III)","N01 _ N01 _ N01",5,2,-1.01106382843035,-1.29785203137378,0.13285687896527,-0.617090014668154,"Cuneiform (Uruk III)"
"P001766","Cuneiform (Uruk III)","N01 N01 _ N01 N01 _ GADA~a _ N01 N01 _ BARA2~a _ RAD~a _ PA~a",16,6,0.333320976728391,0.48001356422284,0.00612709367269553,-0.0260254889727508,"Cuneiform (Uruk III)"
"P001780","Cuneiform (Uruk III)","N34 _ N14 N14 N14 N14 _ UB",8,4,-0.0504880798946705,-0.265927682712262,0.639776020135568,0.649476826107711,"Cuneiform (Uruk III)"
"P001782","Cuneiform (Uruk III)","SUM~a _ GA'AR~b1 _ SAG",5,4,0.1615009894316,-0.39896512979864,2.16053344364646,-0.617090014668154,"Cuneiform (Uruk III)"
"P001802","Cuneiform (Uruk III)","N14 N14 N14 N14",4,1,-2.20825567200359,-1.58699343687694,-0.627521832790177,2.33823261380886,"Aurignacien"
"P001885","Cuneiform (Uruk III)","N01 _ N01",3,2,-1.07598767732279,-1.42769612154256,1.4846412554194,-0.617090014668154,"Cuneiform (Uruk III)"
"P001901","Cuneiform (Uruk III)","N01 N01",2,1,-2.20825567200359,-2.03993650536594,0.639776020135568,2.33823261380886,"Aurignacien"
"P001906","Cuneiform (Uruk III)","N34 _ N34 N34",4,2,-1.20794158906369,-1.25040474519947,0.639776020135568,0.368017528157517,"Cuneiform (Uruk III)"
"P001910","Cuneiform (Uruk III)","N01 _ N08 _ SZE~a",5,4,0.1615009894316,-0.39896512979864,2.16053344364646,-0.617090014668154,"Cuneiform (Uruk III)"
"P001926","Cuneiform (Uruk III)","N14 N14 _ N01 N01 N01 N01 _ GAR _ N14 N14 _ N01 N01 _ N54 N54",18,5,0.390603082769824,0.112230662156187,-0.486710960242871,0.599807538234146,"Cuneiform (Uruk III)"
"P001929","Cuneiform (Uruk III)","N14 N14",2,1,-2.20825567200359,-2.03993650536594,0.639776020135568,2.33823261380886,"Aurignacien"
"P001948","Cuneiform (Uruk III)","GAL~a _ TUR3~a",3,3,-0.253980975567002,-0.962278614296477,3.17437172598706,-0.617090014668154,"Cuneiform (Uruk III)"
"P001968","Cuneiform (Uruk III)","NAGA~a _ EN~a _ U4 _ SIG _ N01 N01 N01 N01 N01 N01",14,6,0.415694869731218,0.228370933572239,0.277690919299643,0.519572534746084,"Cuneiform (Uruk III)"
"P001977","Cuneiform (Uruk III)","N57 N57 N57 _ NAGA~a _ MUSZ3~a _ EZINU~d _ GUG2 _ GI4~a _ UNUG~a",15,8,0.943210868006231,1.13825669508844,0.808749067192332,-0.194901067742866,"Cuneiform (Uruk III)"
"P001986","Cuneiform (Uruk III)","N01 _ ZATU710 _ N57 _ BU~a _ ZATU801 _ N01 _ N57 N57 N57 _ |SZE~a&SZE~a| _ N01 _ N57 _ EN~a _ SZU _ N01 _ N57 N57 _ U4 _ ZATU801 _ N01 _ N57 N57 N57 _ U4 _ N01 _ N57 N57 N57 N57 _ U4 _ ZATU801 _ N01 _ N57 N57 N57 _ ZATU801",61,10,0.698117451007755,0.139098094224904,-1.06380470019084,-0.124536243255317,"Cuneiform (Uruk III)"
"P001998","Cuneiform (Uruk III)","N01 _ N01 _ TUN3~a _ N57",7,4,0.0634062832644622,-0.227701294887389,1.00186112097149,-0.617090014668154,"Cuneiform (Uruk III)"
"P002001","Cuneiform (Uruk III)","N01 N01 N01 N01 N01 _ |SILA3~axSZU|",7,3,-0.791730747859282,-0.404345860194966,0.277690919299643,1.35312507098319,"Cuneiform (Uruk III)"
"P002002","Cuneiform (Uruk III)","N01 N01 N01 _ KU6~a _ KISIM~a _ IB~a _ DIM~a _ N01 _ UNUG~a _ SZEN~b _ PAP~a _ |MUSZENx2(N57)| _ N01 _ SZEN~b _ PAP~a _ SZU _ PAP~a _ |MUSZENx2(N57)| _ N01 _ UKKIN~b _ |SILA3~axSZE~a@t| _ N01 _ SZEN~b _ PAP~a _ |MUSZENx2(N57)| _ N01 _ SZEN~b _ SI _ RAD~a _ PAP~a _ |MUSZENx1(N57)| _ N01 _ DUG~b _ GA2~a2 _ GURUSZDA _ UNUG~a _ N57 N57 N57 N57 N57 _ N01 _ SI _ UKKIN~b _ SZE~a _ N57 N57 N57 _ E2~a _ N01 _ GI _ N01 _ DUG~b _ |SZU&SZU| _ N01 _ KISIM~a _ N01 N01 _ KISIM~a _ PAP~a _ SZU _ DIM~a _ IB~a _ N01 _ KISIM~a _ EN~a _ DU _ AB2 _ DIM~a _ IB~a _ N01 N01 _ UKKIN~b _ |SZU2.EN~a| _ AN _ EN~a _ DU _ AB2 _ |MUSZENx2(N57)| _ PAP~a _ N01 _ U4 _ EN~a _ |SZU&SZU| _ N01 _ NUNUZ~a1 _ |SZU&SZU| _ EN~a _ TI _ |GISZxSZU2~a| _ EN~a _ N01 N01 _ UKKIN~b _ APIN~a _ ZATU752 _ |MUSZENx2(N57)| _ PAP~a _ N01 _ N01 N01 N01 N01 _ GURUSZDA _ GA2~a2 _ N01 N01 N01 N01 _ KISIM~a _ IM~b _ GURUSZDA _ GA2~a2 _ N01 _ SZEN~b _ N01 _ N08 _ KISIM~a _ EN~a _ TU~a _ N01 _ SZEN~b _ MAH~a _ DA~a _ GURUSZDA _ GA2~a2 _ UDU~a _ E2~a _ PIRIG~b1 _ N01 _ UKKIN~a _ |SZU&SZU| _ IDIGNA _ EN~a _ N01 N01 N01 N01 N01 N01 _ SZEN~b _ N01 N01 N01 N01 N01 N01 _ DUG~b _ N01 N01 _ N01 _ SI _ SZE~a _ UKKIN~b _ N14 _ N01 N01 N01 _ KISIM~a _ N01 N01 N01 N01 N01 N01 N01 _ UKKIN~b _ TUR _ N01 _ MUD3~a _ N01 _ |DUG~cx1(N57)| _ PIRIG~b1 _ EN~a _ |SILA3~axSZE~a@t| _ GU7",315,49,1.93354491613896,2.1633389678032,-1.10627879945101,-0.278263216498816,"Cuneiform (Uruk III)"
"P002007","Cuneiform (Uruk III)","N14 N14 N14 N14 N14 _ KASZ~c _ N34 _ N14 N14 _ GUG2 _ N34 _ N14 N14 N14 _ SA~a",22,6,0.21498628199299,0.303500137938704,-0.512312937069653,0.368017528157517,"Cuneiform (Uruk III)"
"P002011","Cuneiform (Uruk III)","N01 _ N01 N01 N01 _ UDU~a _ EN~a _ SAG",11,5,0.263789122707804,0.315627920191543,0.409358228694526,-0.0260254889727508,"Cuneiform (Uruk III)"
"P002015","Cuneiform (Uruk III)","NUN~a _ N01 N01 _ N01 N01 _ N01",9,3,-0.541664890436321,-0.895014379951421,-0.205089215148264,0.1217406424511,"Aurignacien"
"P002034","Cuneiform (Uruk III)","N01 _ N01 N01",4,2,-1.20794158906369,-1.25040474519947,0.639776020135568,0.368017528157517,"Cuneiform (Uruk III)"
"P002035","Cuneiform (Uruk III)","NAGAR~a _ NE~a _ N01 N01 N01 N01 N01 _ SZA@g _ N01 N01 N01 N01 N01 _ N51 _ N34 _ GA'AR~a2 _ |SAR~axSZE~a| _ EN~a _ SIG7 _ GI _ GU7",33,13,1.16294980565184,1.60342153081668,0.102134506773131,0.1217406424511,"Cuneiform (Uruk III)"
"P002041","Cuneiform (Uruk III)","HAL _ N01 N01 _ N14 _ N01 N01 N01 N01 _ BA _ N01 _ N14 N14 _ N01 N01 N01 N01 _ BA _ N34 _ N14 N14 N14 _ NAM2 _ RAD~a _ PA~a _ EN~a _ N14 N14",42,10,0.839634354504819,0.838871711302981,-0.687869349596165,0.175801422240313,"Cuneiform (Uruk III)"
"P002053","Cuneiform (Uruk III)","N01 _ N01 _ TUG2~a _ BUR2 _ N01 N01 N01 _ TUG2~a _ N01 _ SZU2 _ N01 _ BAR _ SZU2 _ SAL _ N01 N01 N01 N01 _ GISZIMMAR~b1 _ N01 _ URI _ N01 _ GISZ _ N01 _ GISZ _ N01 N01 _ ZATU759 _ N14 _ |ZATU759@txX| _ N01 _ NU11 _ SAL _ N01 _ ZATU778 _ SUG5 _ N57 N57 N57 _ KAL~b2 _ E2~b",73,19,1.23815361736863,1.9264763298464,-0.575441099108296,-0.288720833726264,"Cuneiform (Uruk III)"
"P002062","Cuneiform (Uruk III)","EZEN~b _ EN~a _ SAG _ SZITA~a1 _ N01 N01 _ EN~a _ EZEN~b _ N01 N01 N01 N01 N01 N01 _ |SILA3~axSZE~a@t| _ N01 N01 N01 _ PAP~a _ |MUSZENx2(N57)| _ GU7 _ N34 N34 N34 _ N14 N14 _ N01 N01 _ BA _ |SILA3~axSZE~a@t| _ E2~a _ N34 _ TUR3~a _ GAL~a _ N34 _ ABGAL _ N34 _ SANGA~a _ BU~a _ ABGAL _ N01 N01 N01 N01 N01 N01 _ SZITA~a1 _ |SILA3~axSZE~a@t| _ N01 N01 N01 _ PAP~a _ |MUSZENx2(N57)| _ N01 N01 _ EN~a _ EZEN~b",93,19,1.40076384855045,1.35939396044239,-0.859178429561551,0.02537142630511,"Cuneiform (Uruk III)"
"P002063","Cuneiform (Uruk III)","GU4 _ GU4 _ N01 _ GU4 _ N01 _ |U4x5(N57)| _ GU4 _ N01 _ |U4x4(N57)| _ GU4 _ N01 N01 _ |U4x2(N57)| _ GU4 _ N01 N01 _ AMAR _ E2~a _ N57 _ UTUL~a _ GAL~a _ N48 _ N34 _ N34 N34 _ N14",48,14,1.13254801015405,1.5887479283012,-0.416305523969218,-0.428452400084515,"Cuneiform (Uruk III)"
"P002070","Cuneiform (Uruk III)","N01 N01 _ N01 N01 _ N01 N01 _ N14 _ DUG~c _ |SILA3~axSZE~a@t| _ E2~a",16,6,0.333320976728391,0.530871080406359,0.00612709367269553,-0.0260254889727508,"Cuneiform (Uruk III)"
"P002073","Cuneiform (Uruk III)","N01 _ DU _ N01 _ ZI~a _ |DU6~axDISZ| _ N01 _ GI _ N14 _ N01 N01 N01 N01",20,7,0.429589158519332,0.642938693451353,-0.120602691619879,-0.150460125961257,"Cuneiform (Uruk III)"
"P002082","Cuneiform (Uruk III)","N01 _ BA _ SUHUR _ SAG _ N01 N01 _ BA _ SUHUR _ N14 _ SUHUR _ N01 _ SUMASZ _ N34 _ |ZATU759xKU6~a| _ UB _ KU6~a _ EN~a _ SUHUR _ TUR3~a _ DU _ SZE3 _ |GI&GI| _ SUHUR",44,16,1.33291234525346,1.92094804507148,-0.0514773541875639,-0.548361581447758,"Cuneiform (Uruk III)"
"P002090","Cuneiform (Uruk III)","DUG~a _ UDU~a _ |BU~a+DU6~a| _ AN _ ZATU751~b _ |(UDU~axTAR)~b| _ EN~a _ BU~a",15,9,0.993614514824763,1.17261104590674,1.14669516130587,-0.617090014668154,"Cuneiform (Uruk III)"
"P002092","Cuneiform (Uruk III)","N02 _ DIM~a _ N02 _ APIN~a _ N01 _ N01 _ N01 _ DA~a _ N01 _ HI _ N57 N57 N57 N57 N57 _ GI6 _ N01 _ EN~a _ GAN~c _ HI _ N01 _ NIM~a _ BA _ SZITA~a3 _ GAL~a _ N02 N02 N02 _ NUN~a _ |SILA3~axSZU2| _ A _ URI3~a _ GAL~a _ SZITA~a3",61,19,1.60526167414336,2.18240447570895,-0.31589121321827,-0.321557751820452,"Cuneiform (Uruk III)"
"P002093","Cuneiform (Uruk III)","N01 _ |SAR~axSZE~a| _ SAG _ N01 N01 N01 _ SIG7",11,5,0.263789122707804,0.127183030115732,0.409358228694526,-0.0260254889727508,"Cuneiform (Uruk III)"
"P002096","Cuneiform (Uruk III)","EN~a _ SAL _ EN~a _ U4 _ N50 N50 N50 _ N50 N50 _ GAN2 _ SZU _ ZATU651@g",20,8,0.802071876706472,0.886787432635668,0.13285687896527,-0.150460125961257,"Cuneiform (Uruk III)"
"P002098","Cuneiform (Uruk III)","N01 _ UH3~a _ UNUG~a _ KALAM~b _ RAD~a@g _ NAR _ NAGA~a _ KI _ ZABALAM~a",17,10,1.0909070267183,1.37374712254842,1.08705761528583,-0.617090014668154,"Cuneiform (Uruk III)"
"P002113","Cuneiform (Uruk III)","N01 N01 N01 N01 N01 N01 N01 N01 _ SZITA~a1 _ EN~a _ SAG _ N01 N01 N01 N01 _ N01 N01 N01 _ N01",25,5,-0.403788381545319,0.0602725185073857,-0.880981403375326,0.860571299570353,"Aurignacien"
"P002124","Cuneiform (Uruk III)","MEN~a _ TUG2~a",3,3,-0.253980975567002,-0.962278614296477,3.17437172598706,-0.617090014668154,"Cuneiform (Uruk III)"
"P002129","Cuneiform (Uruk III)","ZATU659 _ GAR",3,3,-0.253980975567002,-0.962278614296477,3.17437172598706,-0.617090014668154,"Cuneiform (Uruk III)"
"P002138","Cuneiform (Uruk III)","N45 _ SU~a _ NE~a _ N34 _ N14 _ N14 N14 N14 _ |(UDU~axTAR)~b| _ N14 _ N01 N01 N01 N01 N01 _ AN _ N57 N57 N57 _ N14 N14 N14 _ |(UDU~axTAR)~b| _ N14 N14 N14 _ BA _ UR~a _ N01 _ N08 _ EN~a _ DU _ KI _ NE~a _ U4 _ BU~a",59,18,1.56842495772177,1.87325050548612,-0.348286712653995,-0.00564395360394359,"Cuneiform (Uruk III)"
"P002141","Cuneiform (Uruk III)","N01 N01 _ ZATU647 _ EN~a _ AN _ NUN~a _ BA _ KASKAL _ EN~a _ ERIM~a _ N01 N01 _ N01 N01 _ DU _ BU~a _ N01 _ UDU~a _ AB2 _ N01 N01 N01 N01 _ HI _ N01 N01 N01 N01 _ EN~a _ N01 N01 _ N01 N01 N01 N01 N01 _ EN~a _ NUN~a _ SZITA~a1 _ N34 _ GISZ _ A _ GAL~a _ ZAG~a",73,20,1.21830034923591,1.69336664784829,-0.50600012086579,-0.0424439480198467,"Cuneiform (Uruk III)"
"P002144","Cuneiform (Uruk III)","SANGA~a _ GIR3~c",3,3,-0.253980975567002,-0.962278614296477,3.17437172598706,-0.617090014668154,"Cuneiform (Uruk III)"
"P002146","Cuneiform (Uruk III)","E2~a _ TI _ N14 N14 _ N01 N01 _ N01 _ SI _ DILMUN _ ZATU777 _ N14 N14 N14 _ N01 N01 N01 _ N01 N01 _ N34 _ ALAN~a _ N14 N14 N14 _ SZE~a _ EN~a _ N01 _ KAB _ TUR",46,14,1.18241140228592,1.36513821985664,-0.352022299545447,-0.0260254889727508,"Cuneiform (Uruk III)"
"P002171","Cuneiform (Uruk III)","N01 _ AB2 _ N01 N01 _ GU4 _ N14 _ N14",12,5,0.325068495781966,0.142405534685111,0.217343402493655,-0.348424321170243,"Cuneiform (Uruk III)"
"P002172","Cuneiform (Uruk III)","UDU~a _ HI",3,3,-0.253980975567002,-0.962278614296477,3.17437172598706,-0.617090014668154,"Cuneiform (Uruk III)"
"P002175","Cuneiform (Uruk III)","N50 N50",2,1,-2.20825567200359,-2.03993650536594,0.639776020135568,2.33823261380886,"Aurignacien"
"P002181","Cuneiform (Uruk III)","N01 N01 _ DA~a _ NE~a _ N01 N01 N01 N01 _ GAL~a _ SZAB~a _ UDU~a _ KUR~a _ N01 N01 N01 N01 _ GAL~a _ SZAB~a _ AL _ N01 N01 N01 N01 _ N57 N57 _ BA _ N01 N01 N01 N01 N01 N01 N01 N01 _ TUR _ N01 N01 _ SZU _ N14 _ N01 N01 N01 N01 N01 N01 N01 N01 N01 _ DA~a _ DU _ NE~a",74,15,0.774172672584772,0.927120925693134,-0.867280886046397,0.475974519152111,"Cuneiform (Uruk III)"
"P002182","Cuneiform (Uruk III)","N01 N01 _ ME~a _ SUHUR _ N38 _ N34 _ E~b _ SUHUR",14,7,0.767983456197986,0.740464179844073,0.639776020135568,-0.389757504785306,"Cuneiform (Uruk III)"
"P002183","Cuneiform (Uruk III)","N01 N01 N01 N01 N01 _ UDU~a _ KU3~a _ EN~a _ PAP~a _ EN~a _ DU _ GI",19,8,0.870992107607073,1.06244624436507,0.239576698159015,0.0396483472156266,"Cuneiform (Uruk III)"
"P002185","Cuneiform (Uruk III)","DUB~a _ N14 N14 _ N01 N01 N01 _ SIG2~b _ NI~a",12,6,0.695962078396457,0.523023510270025,0.639776020135568,0.188907065825578,"Cuneiform (Uruk III)"
"P002190","Cuneiform (Uruk III)","KALAM~a _ EN~a _ SU~a _ N01 N01 _ AN _ N01 N01 _ PAP~a _ E2~a _ N01 N01 _ AB~b",22,9,0.822056841432268,0.813135377862214,0.178940437253478,-0.194901067742866,"Cuneiform (Uruk III)"
"P002199","Cuneiform (Uruk III)","N14 N14 N14 _ N34 N34 N34 N34 _ N14 N14 N14 N14 _ SZE3 _ N01 N01 N01 N01 N01 N01 N01 _ N61 N61 N61 _ SZE3",29,6,0.823835838320469,0.654574682297559,-0.84602146260496,1.071665773033,"Aurignacien"
